locality,street,rooms,area,price_total_zl,price_sqm_zl,owner_type,date_posted,photo_count,url,image_url
Szczecin Podjuchy,ul. Smocza,3,118,990000,8390,Bez pośredników,ponad miesiąc temu,24,https://adresowo.pl/o/mieszkanie-szczecin-podjuchy-ul-smocza-3-pokojowe-x2a8y4,https://s2.adresowa.pl/oi/2f/32/39c678_ae71_cover-3-pokojowe-mieszkanie-szczecin-podjuchy-ul-smocza.jpg
Szczecin Pomorzany,ul. Boryny,3,53,525200,9915,Bez pośredników,dzisiajnowe,9,https://adresowo.pl/o/mieszkanie-szczecin-pomorzany-ul-boryny-3-pokojowe-r2q4c7,https://s2.adresowa.pl/oi/10/57/3a3eca_72c8_cover-3-pokojowe-mieszkanie-szczecin-pomorzany-ul-boryny.jpg
Szczecin Pomorzany,ul. 9 Maja,1,29,339000,11511,Bez pośredników,dzisiajnowe,6,https://adresowo.pl/o/mieszkanie-szczecin-pomorzany-ul-9-maja-1-pokoj-z0v3h2,https://s2.adresowa.pl/oi/56/29/3a82dc_62d6_cover-1-pokojowe-mieszkanie-szczecin-pomorzany-ul-9-maja.jpg
,,,,,,Pośrednik,,,https://adresowo.pl/mieszkania/szczecin/centrum-U/,
Szczecin Centrum,ul. Ofiar Oświęcimia,2,37,390000,10541,Bez pośredników,wczoraj,18,https://adresowo.pl/o/mieszkanie-szczecin-centrum-ul-ofiar-oswiecimia-2-pokojowe-u0r1y9,https://s2.adresowa.pl/oi/56/54/3a81a6_cfc8_cover-2-pokojowe-mieszkanie-szczecin-centrum-ul-ofiar-oswiecimia.jpg
,,,,,,Pośrednik,,,,
,,,,,,Pośrednik,,,,
Szczecin,ul. Jerzego Andrzejewskiego,2,57,469000,8174,Oferta biura nieruchomości,3 dni temu,9,https://adresowo.pl/o/mieszkanie-szczecin-ul-jerzego-andrzejewskiego-2-pokojowe-z2i2c1,https://s2.adresowa.pl/oi/62/2b/3a7fa8_3f6e_cover-2-pokojowe-mieszkanie-szczecin-ul-jerzego-andrzejewskiego.jpg
Szczecin,ul. Bartnicza,4,70,720000,10317,Oferta biura nieruchomości,3 dni temu,50,https://adresowo.pl/o/mieszkanie-szczecin-ul-bartnicza-4-pokojowe-f9g1o0,https://s2.adresowa.pl/oi/5e/3e/3a7b4a_dba5_cover-4-pokojowe-mieszkanie-szczecin-ul-bartnicza.jpg
Szczecin Śródmieście,ul. Celna,1,32,598000,18688,Bez pośredników,3 dni temu,10,https://adresowo.pl/o/mieszkanie-szczecin-srodmiescie-ul-celna-1-pokoj-l6k8v4,https://s2.adresowa.pl/oi/7f/2d/3a7d6a_5497_cover-1-pokojowe-mieszkanie-szczecin-srodmiescie-ul-celna.jpg
Szczecin Śródmieście,ul. Bolesława Krzywoustego,2,45,420000,9381,Bez pośredników,3 dni temu,10,https://adresowo.pl/o/mieszkanie-szczecin-srodmiescie-ul-boleslawa-krzywoustego-2-pokojowe-i4w9k4,https://s2.adresowa.pl/oi/44/1e/3a7d54_d5cc_cover-2-pokojowe-mieszkanie-szczecin-srodmiescie-ul-boleslawa-krzywoustego.jpg
,,,,,,Pośrednik,,,,
,,,,,,Pośrednik,,,,
Szczecin Warszewo,ul. Limby,2,54,619000,11454,Bez pośredników,3 dni temu,16,https://adresowo.pl/o/mieszkanie-szczecin-warszewo-ul-limby-2-pokojowe-s1m5s9,https://s2.adresowa.pl/oi/6e/50/3a7bce_fb7f_cover-2-pokojowe-mieszkanie-szczecin-warszewo-ul-limby.jpg
Szczecin Stare Miasto,ul. Janusza Kusocińskiego,2,38,449900,11824,Oferta biura nieruchomości,4 dni temu,5,https://adresowo.pl/o/mieszkanie-szczecin-stare-miasto-ul-janusza-kusocinskiego-2-pokojowe-y6l6x8,https://s2.adresowa.pl/oi/18/5f/3a7774_ddf1_cover-2-pokojowe-mieszkanie-szczecin-stare-miasto-ul-janusza-kusocinskiego.jpg
Szczecin Centrum,al. Wojska Polskiego,4,78,627000,7999,Oferta biura nieruchomości,4 dni temu,11,https://adresowo.pl/o/mieszkanie-szczecin-centrum-al-wojska-polskiego-4-pokojowe-a5s7k2,https://s2.adresowa.pl/oi/46/67/3a761a_e49a_cover-4-pokojowe-mieszkanie-szczecin-centrum-al-wojska-polskiego.jpg
Szczecin Pomorzany,ul. Włościańska,2,33,370000,11124,Bez pośredników,3 dni temu,9,https://adresowo.pl/o/mieszkanie-szczecin-pomorzany-ul-wloscianska-2-pokojowe-s7a7d8,https://s2.adresowa.pl/oi/56/68/3a7ab8_5aeb_cover-2-pokojowe-mieszkanie-szczecin-pomorzany-ul-wloscianska.jpg
,,,,,,Pośrednik,,,,
,,,,,,Pośrednik,,,,
Szczecin Centrum,ul. Radogoska,2,36,319000,8861,Bez pośredników,4 dni temu,4,https://adresowo.pl/o/mieszkanie-szczecin-centrum-ul-radogoska-2-pokojowe-o0q7e4,https://s2.adresowa.pl/oi/69/75/3a759a_6505_cover-2-pokojowe-mieszkanie-szczecin-centrum-ul-radogoska.jpg
Szczecin Centrum,ul. marsz. Józefa Piłsudskiego,3,75,770000,10248,Bez pośredników,4 dni temu,12,https://adresowo.pl/o/mieszkanie-szczecin-centrum-ul-marsz-jozefa-pilsudskiego-3-pokojowe-w6r4k1,https://s2.adresowa.pl/oi/30/2f/3a740a_ebc0_cover-3-pokojowe-mieszkanie-szczecin-centrum-ul-marsz-jozefa-pilsudskiego.jpg
Szczecin Pomorzany,,2,38,475000,12610,Oferta biura nieruchomości,4 dni temu,12,https://adresowo.pl/o/mieszkanie-szczecin-pomorzany-2-pokojowe-37-m2-c4x5p7,https://s2.adresowa.pl/oi/79/7f/3a7370_3a10_cover-2-pokojowe-mieszkanie-szczecin-pomorzany.jpg
Szczecin Stare Miasto,ul. Grodzka,3,59,660000,11270,Oferta biura nieruchomości,ponad tydzień temu,25,https://adresowo.pl/o/mieszkanie-szczecin-stare-miasto-ul-grodzka-3-pokojowe-t0m9t6,https://s2.adresowa.pl/oi/4e/54/3a5fa0_9572_cover-3-pokojowe-mieszkanie-szczecin-stare-miasto-ul-grodzka.jpg
Szczecin Pogodno,ul. Waleriana Łukasińskiego,3,62,615000,9960,Bez pośredników,5 dni temu,8,https://adresowo.pl/o/mieszkanie-szczecin-pogodno-ul-waleriana-lukasinskiego-3-pokojowe-g1d1m8,https://s2.adresowa.pl/oi/4c/56/3a7124_c455_cover-3-pokojowe-mieszkanie-szczecin-pogodno-ul-waleriana-lukasinskiego.jpg
,,,,,,Pośrednik,,,,
,,,,,,Pośrednik,,,,
Szczecin Osów,ul. Czesława Niemena,4,87,890000,10195,Bez pośredników,6 dni temu,16,https://adresowo.pl/o/mieszkanie-szczecin-osow-ul-czeslawa-niemena-4-pokojowe-g1x3s1,https://s2.adresowa.pl/oi/53/53/3a67d0_5498_cover-4-pokojowe-mieszkanie-szczecin-osow-ul-czeslawa-niemena.jpg
Szczecin Słoneczne,,3,64,660000,10313,Bez pośredników,6 dni temu,7,https://adresowo.pl/o/mieszkanie-szczecin-sloneczne-3-pokojowe-64-m2-a6l7q9,https://s2.adresowa.pl/oi/32/40/3a6670_85e2_cover-3-pokojowe-mieszkanie-szczecin-sloneczne.jpg
Szczecin,ul. Stanisława Więckowskiego,5,104,1200000,11538,Oferta biura nieruchomości,ponad tydzień temu,17,https://adresowo.pl/o/mieszkanie-szczecin-ul-stanislawa-wieckowskiego-5-pokojowe-x3t7r4,https://s2.adresowa.pl/oi/3a/74/3a4bd6_ab7e_cover-5-pokojowe-mieszkanie-szczecin-ul-stanislawa-wieckowskiego.jpg
Szczecin,ul. Waleriana Łukasińskiego,2,47,479000,10191,Oferta biura nieruchomości,ponad tydzień temu,9,https://adresowo.pl/o/mieszkanie-szczecin-ul-waleriana-lukasinskiego-2-pokojowe-u7l1t1,https://s2.adresowa.pl/oi/64/48/3a3c42_b0e9_cover-2-pokojowe-mieszkanie-szczecin-ul-waleriana-lukasinskiego.jpg
Szczecin Stołczyn,ul. Policka,4,105,850000,8095,Bez pośredników,6 dni temu,18,https://adresowo.pl/o/mieszkanie-szczecin-stolczyn-ul-policka-4-pokojowe-o8c1z3,https://s2.adresowa.pl/oi/2f/61/3a6468_39cc_cover-4-pokojowe-mieszkanie-szczecin-stolczyn-ul-policka.jpg
,,,,,,Pośrednik,,,,
,,,,,,Pośrednik,,,,
Szczecin Cieszyce,ul. Leona Heyki,4,82,1770955,21500,Bez pośredników,6 dni temu,13,https://adresowo.pl/o/mieszkanie-szczecin-cieszyce-ul-leona-heyki-4-pokojowe-z4d3e2,https://s2.adresowa.pl/oi/5b/5f/3a63e8_54ff_cover-4-pokojowe-mieszkanie-szczecin-cieszyce-ul-leona-heyki.jpg
Szczecin Niebuszewo,,2,50,506000,10222,Bez pośredników,6 dni temu,6,https://adresowo.pl/o/mieszkanie-szczecin-niebuszewo-2-pokojowe-49-m2-s0z1m4,https://s2.adresowa.pl/oi/56/57/3a6360_c08e_cover-2-pokojowe-mieszkanie-szczecin-niebuszewo.jpg
Szczecin Gumieńce,,2,51,580000,11359,Oferta biura nieruchomości,ponad tydzień temu,15,https://adresowo.pl/o/mieszkanie-szczecin-gumience-2-pokojowe-51-m2-l0u1b1,https://s2.adresowa.pl/oi/34/52/3a399e_99ef_cover-2-pokojowe-mieszkanie-szczecin-gumience.jpg
Szczecin Niebuszewo,ul. Przyjaciół Żołnierza,3,64,659000,10313,Oferta biura nieruchomości,ponad tydzień temu,13,https://adresowo.pl/o/mieszkanie-szczecin-niebuszewo-ul-przyjaciol-zolnierza-3-pokojowe-g0b2n1,https://s2.adresowa.pl/oi/11/24/3a3598_27f3_cover-3-pokojowe-mieszkanie-szczecin-niebuszewo-ul-przyjaciol-zolnierza.jpg
Szczecin Śródmieście,ul. Księcia Bogusława X,2,42,510100,12102,Bez pośredników,6 dni temu,17,https://adresowo.pl/o/mieszkanie-szczecin-srodmiescie-ul-ksiecia-boguslawa-x-2-pokojowe-b5s8o8,https://s2.adresowa.pl/oi/21/38/3a6260_32f8_cover-2-pokojowe-mieszkanie-szczecin-srodmiescie-ul-ksiecia-boguslawa-x.jpg
Szczecin Centrum,al. Piastów,2,60,730000,12167,Bez pośredników,6 dni temu,6,https://adresowo.pl/o/mieszkanie-szczecin-centrum-al-piastow-2-pokojowe-f2j2f2,https://s2.adresowa.pl/oi/40/40/3a31a6_9224_cover-2-pokojowe-mieszkanie-szczecin-centrum-al-piastow.jpg
,,,,,,Pośrednik,,,,
,,,,,,Pośrednik,,,,
Szczecin Centrum,ul. Stanisława Herakliusza Lubomirskiego,3,63,550000,8681,Bez pośredników,ponad tydzień temu,12,https://adresowo.pl/o/mieszkanie-szczecin-centrum-ul-stanislawa-herakliusza-lubomirskiego-3-pokojowe-r3b6n6,https://s2.adresowa.pl/oi/16/7b/3a6046_92af_cover-3-pokojowe-mieszkanie-szczecin-centrum-ul-stanislawa-herakliusza-lubomirskiego.jpg
Szczecin,ul. 1 Maja,2,48,399000,8313,Oferta biura nieruchomości,ponad tydzień temu,7,https://adresowo.pl/o/mieszkanie-szczecin-ul-1-maja-2-pokojowe-y2m1u7,https://s2.adresowa.pl/oi/3e/4f/3a3596_2f43_cover-2-pokojowe-mieszkanie-szczecin-ul-1-maja.jpg
Szczecin Stare Miasto,al. Wojska Polskiego,3,76,719000,9514,Oferta biura nieruchomości,ponad tydzień temu,13,https://adresowo.pl/o/mieszkanie-szczecin-stare-miasto-al-wojska-polskiego-3-pokojowe-u1d5e8,https://s2.adresowa.pl/oi/41/4a/3a3520_5f15_cover-3-pokojowe-mieszkanie-szczecin-stare-miasto-al-wojska-polskiego.jpg
Szczecin Gumieńce,ul. Kazimierska,2,37,495000,13378,Bez pośredników,ponad tydzień temu,17,https://adresowo.pl/o/mieszkanie-szczecin-gumience-ul-kazimierska-2-pokojowe-p2i9o8,https://s2.adresowa.pl/oi/45/5f/3a5e64_6e72_cover-2-pokojowe-mieszkanie-szczecin-gumience-ul-kazimierska.jpg
Szczecin Gumieńce,ul. Kazimierska,2,42,585000,13929,Bez pośredników,ponad tydzień temu,8,https://adresowo.pl/o/mieszkanie-szczecin-gumience-ul-kazimierska-2-pokojowe-r4g6u2,https://s2.adresowa.pl/oi/6c/70/3a5d24_7c6d_cover-2-pokojowe-mieszkanie-szczecin-gumience-ul-kazimierska.jpg
Szczecin Centrum,,2,47,375000,7979,Bez pośredników,ponad tydzień temu,5,https://adresowo.pl/o/mieszkanie-szczecin-centrum-2-pokojowe-47-m2-f8q3c3,https://s2.adresowa.pl/oi/1b/42/3a5d1e_d027_cover-2-pokojowe-mieszkanie-szczecin-centrum.jpg
,,,,,,Pośrednik,,,,
,,,,,,Pośrednik,,,,
Szczecin,al. Wyzwolenia,1,35,605000,17536,Oferta biura nieruchomości,ponad tydzień temu,12,https://adresowo.pl/o/mieszkanie-szczecin-al-wyzwolenia-1-pokoj-c9j6h1,https://s2.adresowa.pl/oi/45/7c/3a3174_66a0_cover-1-pokojowe-mieszkanie-szczecin-al-wyzwolenia.jpg
Szczecin,,2,38,215000,5658,Oferta biura nieruchomości,ponad tydzień temu,3,https://adresowo.pl/o/mieszkanie-szczecin-2-pokojowe-38-m2-r3o2a8,https://s2.adresowa.pl/oi/5e/6d/3a3076_ea7a_cover-2-pokojowe-mieszkanie-szczecin.jpg
Szczecin,ul. ks. Piotra Ściegiennego,2,54,499000,9190,Bez pośredników,ponad tydzień temu,8,https://adresowo.pl/o/mieszkanie-szczecin-ul-ks-piotra-sciegiennego-2-pokojowe-y9c0u9,https://s2.adresowa.pl/oi/1f/33/3a5cde_4d44_cover-2-pokojowe-mieszkanie-szczecin-ul-ks-piotra-sciegiennego.jpg
Szczecin Zdroje,ul. Młodzieży Polskiej,2,30,290000,9667,Bez pośredników,ponad tydzień temu,8,https://adresowo.pl/o/mieszkanie-szczecin-zdroje-ul-mlodziezy-polskiej-2-pokojowe-b0k6f6,https://s2.adresowa.pl/oi/2e/7b/3a5c02_bd4b_cover-2-pokojowe-mieszkanie-szczecin-zdroje-ul-mlodziezy-polskiej.jpg
Szczecin Gumieńce,,2,47,620000,13191,Bez pośredników,ponad tydzień temu,8,https://adresowo.pl/o/mieszkanie-szczecin-gumience-2-pokojowe-47-m2-v2m5u7,https://s2.adresowa.pl/oi/3e/6e/3a5ab6_d830_cover-2-pokojowe-mieszkanie-szczecin-gumience.jpg
Szczecin Zdroje,ul. Królowej Korony Polskiej,3,64,590000,9232,Oferta biura nieruchomości,ponad tydzień temu,13,https://adresowo.pl/o/mieszkanie-szczecin-zdroje-ul-krolowej-korony-polskiej-3-pokojowe-d6p0x5,https://s2.adresowa.pl/oi/72/66/3a2b70_a20c_cover-3-pokojowe-mieszkanie-szczecin-zdroje-ul-krolowej-korony-polskiej.jpg
Szczecin Gumieńce,ul. Gorzowska,2,42,619000,14634,Oferta biura nieruchomości,ponad tydzień temu,15,https://adresowo.pl/o/mieszkanie-szczecin-gumience-ul-gorzowska-2-pokojowe-u7g6g1,https://s2.adresowa.pl/oi/16/1c/3a1ba0_d3d5_cover-2-pokojowe-mieszkanie-szczecin-gumience-ul-gorzowska.jpg
Szczecin Podjuchy,ul. Smocza,3,118,990000,8390,Bez pośredników,ponad miesiąc temu,24,https://adresowo.pl/o/mieszkanie-szczecin-podjuchy-ul-smocza-3-pokojowe-x2a8y4,https://s2.adresowa.pl/oi/2f/32/39c678_ae71_cover-3-pokojowe-mieszkanie-szczecin-podjuchy-ul-smocza.jpg
Szczecin Centrum,ul. Szarotki,3,63,570000,9048,Bez pośredników,ponad tydzień temu,12,https://adresowo.pl/o/mieszkanie-szczecin-centrum-ul-szarotki-3-pokojowe-v0q1w1,https://s2.adresowa.pl/oi/5f/53/3a59b8_498f_cover-3-pokojowe-mieszkanie-szczecin-centrum-ul-szarotki.jpg
Szczecin Centrum,ul. Odzieżowa,2,46,419000,9109,Bez pośredników,ponad tydzień temu,8,https://adresowo.pl/o/mieszkanie-szczecin-centrum-ul-odziezowa-2-pokojowe-g0w3c3,https://s2.adresowa.pl/oi/45/5a/3a5714_6206_cover-2-pokojowe-mieszkanie-szczecin-centrum-ul-odziezowa.jpg
,,,,,,Pośrednik,,,https://adresowo.pl/mieszkania/szczecin/centrum-U/,
Szczecin Niebuszewo,ul. ks. bp. Władysława Bandurskiego,4,74,550000,7392,Bez pośredników,ponad tydzień temu,11,https://adresowo.pl/o/mieszkanie-szczecin-niebuszewo-ul-ks-bp-wladyslawa-bandurskiego-4-pokojowe-r3r1i5,https://s2.adresowa.pl/oi/17/72/3a56e4_865f_cover-4-pokojowe-mieszkanie-szczecin-niebuszewo-ul-ks-bp-wladyslawa-bandurskiego.jpg
,,,,,,Pośrednik,,,,
,,,,,,Pośrednik,,,,
Szczecin Śródmieście,al. Wyzwolenia,2,43,539000,12535,Oferta biura nieruchomości,ponad tydzień temu,15,https://adresowo.pl/o/mieszkanie-szczecin-srodmiescie-al-wyzwolenia-2-pokojowe-n5g8r8,https://s2.adresowa.pl/oi/38/29/3a1b7c_80f7_cover-2-pokojowe-mieszkanie-szczecin-srodmiescie-al-wyzwolenia.jpg
Szczecin,ul. bł. Wincentego Kadłubka,3,53,495000,9270,Oferta biura nieruchomości,ponad tydzień temu,10,https://adresowo.pl/o/mieszkanie-szczecin-ul-bl-wincentego-kadlubka-3-pokojowe-l2d9x0,https://s2.adresowa.pl/oi/74/71/3a03fa_7dbc_cover-3-pokojowe-mieszkanie-szczecin-ul-bl-wincentego-kadlubka.jpg
Szczecin Żelechowa,ul. Szczygli Zaułek,3,67,800000,11940,Bez pośredników,ponad tydzień temu,15,https://adresowo.pl/o/mieszkanie-szczecin-zelechowa-ul-szczygli-zaulek-3-pokojowe-s7z6k4,https://s2.adresowa.pl/oi/77/20/3a33c2_7e56_cover-3-pokojowe-mieszkanie-szczecin-zelechowa-ul-szczygli-zaulek.jpg
Szczecin Zawadzkiego-Klonowica,ul. Tadeusza Zawadzkiego,3,53,640000,12075,Bez pośredników,ponad tydzień temu,18,https://adresowo.pl/o/mieszkanie-szczecin-zawadzkiego-klonowica-ul-tadeusza-zawadzkiego-3-pokojowe-l3i7o7,https://s2.adresowa.pl/oi/5a/33/3a4eb0_5d36_cover-3-pokojowe-mieszkanie-szczecin-zawadzkiego-klonowica-ul-tadeusza-zawadzkiego.jpg
,,,,,,Pośrednik,,,,
,,,,,,Pośrednik,,,,
Szczecin Centrum,ul. Wielkopolska,2,54,495000,9099,Bez pośredników,ponad tydzień temu,8,https://adresowo.pl/o/mieszkanie-szczecin-centrum-ul-wielkopolska-2-pokojowe-n2y3b3,https://s2.adresowa.pl/oi/79/38/3a4bfc_3731_cover-2-pokojowe-mieszkanie-szczecin-centrum-ul-wielkopolska.jpg
Szczecin,al. Papieża Jana Pawła II,4,113,970000,8573,Oferta biura nieruchomości,ponad tydzień temu,14,https://adresowo.pl/o/mieszkanie-szczecin-al-papieza-jana-pawla-ii-4-pokojowe-e5g5b6,https://s2.adresowa.pl/oi/34/17/39f48e_b165_cover-4-pokojowe-mieszkanie-szczecin-al-papieza-jana-pawla-ii.jpg
Szczecin Dąbie,ul. Przestrzenna,3,67,1449000,21499,Oferta biura nieruchomości,ponad tydzień temu,12,https://adresowo.pl/o/mieszkanie-szczecin-dabie-ul-przestrzenna-3-pokojowe-e8a6g8,https://s2.adresowa.pl/oi/78/46/39e2d6_55a0_cover-3-pokojowe-mieszkanie-szczecin-dabie-ul-przestrzenna.jpg
Szczecin Śródmieście,ul. Majora Władysława Raginisa,2,52,659000,12722,Bez pośredników,ponad tydzień temu,8,https://adresowo.pl/o/mieszkanie-szczecin-srodmiescie-ul-majora-wladyslawa-raginisa-2-pokojowe-s5a1l5,https://s2.adresowa.pl/oi/43/7d/3a4996_4041_cover-2-pokojowe-mieszkanie-szczecin-srodmiescie-ul-majora-wladyslawa-raginisa.jpg
,,,,,,Pośrednik,,,,
,,,,,,Pośrednik,,,,
Szczecin Krzekowo,ul. Władysława Szafera,2,52,529000,10173,Bez pośredników,ponad tydzień temu,8,https://adresowo.pl/o/mieszkanie-szczecin-krzekowo-ul-wladyslawa-szafera-2-pokojowe-d7f0h2,https://s2.adresowa.pl/oi/21/52/3a48ac_913b_cover-2-pokojowe-mieszkanie-szczecin-krzekowo-ul-wladyslawa-szafera.jpg
Szczecin Prawobrzeże,,3,56,620000,11071,Bez pośredników,ponad tydzień temu,17,https://adresowo.pl/o/mieszkanie-szczecin-prawobrzeze-3-pokojowe-56-m2-p1z3p0,https://s2.adresowa.pl/oi/79/4e/3a4822_da12_cover-3-pokojowe-mieszkanie-szczecin-prawobrzeze.jpg
Szczecin Centrum,ul. Staromłyńska,2,40,509000,12725,Oferta biura nieruchomości,ponad tydzień temu,7,https://adresowo.pl/o/mieszkanie-szczecin-centrum-ul-staromlynska-2-pokojowe-y5p6u7,https://s2.adresowa.pl/oi/7c/51/39e0d4_a453_cover-2-pokojowe-mieszkanie-szczecin-centrum-ul-staromlynska.jpg
Szczecin Gumieńce,,4,81,929000,11417,Oferta biura nieruchomości,ponad tydzień temu,9,https://adresowo.pl/o/mieszkanie-szczecin-gumience-4-pokojowe-81-m2-u7t3i1,https://s2.adresowa.pl/oi/73/71/39dc88_44f7_cover-4-pokojowe-mieszkanie-szczecin-gumience.jpg
Szczecin Świerczewo,,3,47,390000,8298,Bez pośredników,ponad tydzień temu,8,https://adresowo.pl/o/mieszkanie-szczecin-swierczewo-3-pokojowe-47-m2-b2m7q9,https://s2.adresowa.pl/oi/34/53/3a46cc_b631_cover-3-pokojowe-mieszkanie-szczecin-swierczewo.jpg
,,,,,,Pośrednik,,,,
,,,,,,Pośrednik,,,,
Szczecin Centrum,,2,33,651300,19736,Bez pośredników,ponad tydzień temu,8,https://adresowo.pl/o/mieszkanie-szczecin-centrum-2-pokojowe-33-m2-o8s9l4,https://s2.adresowa.pl/oi/25/69/3a46ba_2e0b_cover-2-pokojowe-mieszkanie-szczecin-centrum.jpg
Szczecin Niebuszewo,ul. bł. Wincentego Kadłubka,1,26,349000,13423,Bez pośredników,ponad tydzień temu,14,https://adresowo.pl/o/mieszkanie-szczecin-niebuszewo-ul-bl-wincentego-kadlubka-1-pokoj-i7n7e7,https://s2.adresowa.pl/oi/2d/71/3a4430_c605_cover-1-pokojowe-mieszkanie-szczecin-niebuszewo-ul-bl-wincentego-kadlubka.jpg
Szczecin,ul. Bolesława Krzywoustego,3,73,550000,7490,Oferta biura nieruchomości,ponad tydzień temu,7,https://adresowo.pl/o/mieszkanie-szczecin-ul-boleslawa-krzywoustego-3-pokojowe-k7m5h6,https://s2.adresowa.pl/oi/13/5e/39d8ee_7cef_cover-3-pokojowe-mieszkanie-szczecin-ul-boleslawa-krzywoustego.jpg
Szczecin Słoneczne,ul. Aleksandra Kostki Napierskiego,4,64,599000,9418,Oferta biura nieruchomości,ponad miesiąc temu,21,https://adresowo.pl/o/mieszkanie-szczecin-sloneczne-ul-aleksandra-kostki-napierskiego-4-pokojowe-a1j2d2,https://s2.adresowa.pl/oi/14/4a/39d172_ae42_cover-4-pokojowe-mieszkanie-szczecin-sloneczne-ul-aleksandra-kostki-napierskiego.jpg
Szczecin Centrum,ul. Monte Cassino,3,79,870000,11013,Bez pośredników,ponad tydzień temu,20,https://adresowo.pl/o/mieszkanie-szczecin-centrum-ul-monte-cassino-3-pokojowe-w0p5d5,https://s2.adresowa.pl/oi/55/10/3a40f4_2d12_cover-3-pokojowe-mieszkanie-szczecin-centrum-ul-monte-cassino.jpg
,,,,,,Pośrednik,,,,
,,,,,,Pośrednik,,,,
Szczecin Prawobrzeże,ul. Seledynowa,2,48,449000,9354,Bez pośredników,ponad tydzień temu,4,https://adresowo.pl/o/mieszkanie-szczecin-prawobrzeze-ul-seledynowa-2-pokojowe-r6g6l1,https://s2.adresowa.pl/oi/3c/55/3a3f58_552a_cover-2-pokojowe-mieszkanie-szczecin-prawobrzeze-ul-seledynowa.jpg
Szczecin Centrum,ul. Władysława Łokietka,3,86,490000,5698,Bez pośredników,ponad tydzień temu,8,https://adresowo.pl/o/mieszkanie-szczecin-centrum-ul-wladyslawa-lokietka-3-pokojowe-g7h9t9,https://s2.adresowa.pl/oi/78/5d/3a3f84_ca7c_cover-3-pokojowe-mieszkanie-szczecin-centrum-ul-wladyslawa-lokietka.jpg
Szczecin,,4,62,545000,8790,Oferta biura nieruchomości,ponad miesiąc temu,13,https://adresowo.pl/o/mieszkanie-szczecin-4-pokojowe-62-m2-v9v6g6,https://s2.adresowa.pl/oi/35/21/39ca04_7b84_cover-4-pokojowe-mieszkanie-szczecin.jpg
Szczecin Centrum,,1,30,388000,12805,Oferta biura nieruchomości,ponad miesiąc temu,16,https://adresowo.pl/o/mieszkanie-szczecin-centrum-1-pokoj-30-m2-a5j7p3,https://s2.adresowa.pl/oi/76/3c/39c528_b7a0_cover-1-pokojowe-mieszkanie-szczecin-centrum.jpg
Szczecin Warszewo,ul. Duńska,2,50,570000,11400,Bez pośredników,ponad tydzień temu,4,https://adresowo.pl/o/mieszkanie-szczecin-warszewo-ul-dunska-2-pokojowe-j2c7j3,https://s2.adresowa.pl/oi/2d/2d/3a3d90_2e4f_cover-2-pokojowe-mieszkanie-szczecin-warszewo-ul-dunska.jpg
Szczecin Niebuszewo,,2,40,395000,9885,Bez pośredników,ponad tydzień temu,19,https://adresowo.pl/o/mieszkanie-szczecin-niebuszewo-2-pokojowe-39-m2-g3q8f5,https://s2.adresowa.pl/oi/4e/7f/3a3cf8_dd2e_cover-2-pokojowe-mieszkanie-szczecin-niebuszewo.jpg
,,,,,,Pośrednik,,,,
,,,,,,Pośrednik,,,,
Szczecin Centrum,ul. Władysława Sikorskiego,2,48,495000,10414,Bez pośredników,ponad tydzień temu,8,https://adresowo.pl/o/mieszkanie-szczecin-centrum-ul-wladyslawa-sikorskiego-2-pokojowe-y3z7f9,https://s2.adresowa.pl/oi/1e/6f/3a3cb4_981f_cover-2-pokojowe-mieszkanie-szczecin-centrum-ul-wladyslawa-sikorskiego.jpg
Szczecin Niebuszewo,ul. Myśliwska,3,60,549000,9227,Oferta biura nieruchomości,ponad miesiąc temu,9,https://adresowo.pl/o/mieszkanie-szczecin-niebuszewo-ul-mysliwska-3-pokojowe-s7x7h5,https://s2.adresowa.pl/oi/3d/5e/39c4ea_58c5_cover-3-pokojowe-mieszkanie-szczecin-niebuszewo-ul-mysliwska.jpg
Szczecin Kępa Parnicka,ul. Leona Heyki,2,48,643140,13500,Oferta biura nieruchomości,ponad miesiąc temu,9,https://adresowo.pl/o/mieszkanie-szczecin-kepa-parnicka-ul-leona-heyki-2-pokojowe-r8f7s4,https://s2.adresowa.pl/oi/4d/7c/39befc_35bf_cover-2-pokojowe-mieszkanie-szczecin-kepa-parnicka-ul-leona-heyki.jpg
Szczecin Śródmieście,al. Wyzwolenia,3,65,619000,9523,Bez pośredników,ponad tydzień temu,17,https://adresowo.pl/o/mieszkanie-szczecin-srodmiescie-al-wyzwolenia-3-pokojowe-u2a9z7,https://s2.adresowa.pl/oi/56/5d/3a3756_9392_cover-3-pokojowe-mieszkanie-szczecin-srodmiescie-al-wyzwolenia.jpg
Szczecin Niebuszewo,ul. Przyjaciół Żołnierza,3,59,650000,11017,Bez pośredników,ponad tydzień temu,8,https://adresowo.pl/o/mieszkanie-szczecin-niebuszewo-ul-przyjaciol-zolnierza-3-pokojowe-c3a1u4,https://s2.adresowa.pl/oi/47/51/3a36fe_931c_cover-3-pokojowe-mieszkanie-szczecin-niebuszewo-ul-przyjaciol-zolnierza.jpg
Szczecin Centrum,ul. Bolesława Śmiałego,2,47,400000,8511,Bez pośredników,ponad tydzień temu,14,https://adresowo.pl/o/mieszkanie-szczecin-centrum-ul-boleslawa-smialego-2-pokojowe-y1j1g9,https://s2.adresowa.pl/oi/55/54/3a345c_9546_cover-2-pokojowe-mieszkanie-szczecin-centrum-ul-boleslawa-smialego.jpg
,,,,,,Pośrednik,,,,
,,,,,,Pośrednik,,,,
Szczecin Pomorzany,ul. 9 Maja,2,48,460000,9583,Oferta biura nieruchomości,ponad miesiąc temu,7,https://adresowo.pl/o/mieszkanie-szczecin-pomorzany-ul-9-maja-2-pokojowe-o2m9o8,https://s2.adresowa.pl/oi/68/4c/39bc32_be03_cover-2-pokojowe-mieszkanie-szczecin-pomorzany-ul-9-maja.jpg
Szczecin Śródmieście,ul. Stanisława Noakowskiego,3,55,479000,8709,Oferta biura nieruchomości,ponad miesiąc temu,10,https://adresowo.pl/o/mieszkanie-szczecin-srodmiescie-ul-stanislawa-noakowskiego-3-pokojowe-s7k5v7,https://s2.adresowa.pl/oi/3a/6e/39b87a_78f3_cover-3-pokojowe-mieszkanie-szczecin-srodmiescie-ul-stanislawa-noakowskiego.jpg
Szczecin Stare Miasto,ul. ks. kard. Stefana Wyszyńskiego,2,58,435000,7500,Bez pośredników,ponad tydzień temu,12,https://adresowo.pl/o/mieszkanie-szczecin-stare-miasto-ul-ks-kard-stefana-wyszynskiego-2-pokojowe-m2w8j7,https://s2.adresowa.pl/oi/51/68/3a3388_3cc2_cover-2-pokojowe-mieszkanie-szczecin-stare-miasto-ul-ks-kard-stefana-wyszynskiego.jpg
Szczecin Turzyn,ul. Bolesława Śmiałego,5,148,1490000,10068,Bez pośredników,ponad tydzień temu,12,https://adresowo.pl/o/mieszkanie-szczecin-turzyn-ul-boleslawa-smialego-5-pokojowe-q9i4h5,https://s2.adresowa.pl/oi/56/7f/3a3202_8258_cover-5-pokojowe-mieszkanie-szczecin-turzyn-ul-boleslawa-smialego.jpg
Szczecin Warszewo,ul. Duńska,3,68,800000,11715,Bez pośredników,ponad tydzień temu,19,https://adresowo.pl/o/mieszkanie-szczecin-warszewo-ul-dunska-3-pokojowe-u4i7r7,https://s2.adresowa.pl/oi/30/79/3a2e4c_2d39_cover-3-pokojowe-mieszkanie-szczecin-warszewo-ul-dunska.jpg
Szczecin,ul. Aleksandra Zawadzkiego,2,39,450000,11538,Oferta biura nieruchomości,ponad miesiąc temu,22,https://adresowo.pl/o/mieszkanie-szczecin-ul-aleksandra-zawadzkiego-2-pokojowe-t7o3d7,https://s2.adresowa.pl/oi/3c/10/39b61a_b069_cover-2-pokojowe-mieszkanie-szczecin-ul-aleksandra-zawadzkiego.jpg
Szczecin Śródmieście,ul. Stefana Lewandowskiego,1,29,399000,13759,Oferta biura nieruchomości,ponad miesiąc temu,5,https://adresowo.pl/o/mieszkanie-szczecin-srodmiescie-ul-stefana-lewandowskiego-1-pokoj-j9f3m7,https://s2.adresowa.pl/oi/11/4e/39b5f6_4519_cover-1-pokojowe-mieszkanie-szczecin-srodmiescie-ul-stefana-lewandowskiego.jpg
Szczecin Centrum,ul. Księcia Bogusława X,2,53,430000,8190,Bez pośredników,ponad tydzień temu,7,https://adresowo.pl/o/mieszkanie-szczecin-centrum-ul-ksiecia-boguslawa-x-2-pokojowe-w0o0r1,https://s2.adresowa.pl/oi/26/50/3a2d5a_f8b0_cover-2-pokojowe-mieszkanie-szczecin-centrum-ul-ksiecia-boguslawa-x.jpg
Szczecin Śródmieście,ul. Bolesława Krzywoustego,1,33,396000,12000,Bez pośredników,ponad tydzień temu,13,https://adresowo.pl/o/mieszkanie-szczecin-srodmiescie-ul-boleslawa-krzywoustego-1-pokoj-y1g2l8,https://s2.adresowa.pl/oi/1c/71/3a2c7e_5c45_cover-1-pokojowe-mieszkanie-szczecin-srodmiescie-ul-boleslawa-krzywoustego.jpg
Szczecin Zawadzkiego-Klonowica,,3,52,559000,10750,Bez pośredników,ponad tydzień temu,18,https://adresowo.pl/o/mieszkanie-szczecin-zawadzkiego-klonowica-3-pokojowe-52-m2-s2g6g0,https://s2.adresowa.pl/oi/32/66/3a2c84_da77_cover-3-pokojowe-mieszkanie-szczecin-zawadzkiego-klonowica.jpg
Szczecin Śródmieście,ul. gen. Ludomiła Rayskiego,4,136,810000,5956,Oferta biura nieruchomości,ponad miesiąc temu,8,https://adresowo.pl/o/mieszkanie-szczecin-srodmiescie-ul-gen-ludomila-rayskiego-4-pokojowe-k1y3c0,https://s2.adresowa.pl/oi/18/6f/39b5f0_c3c2_cover-4-pokojowe-mieszkanie-szczecin-srodmiescie-ul-gen-ludomila-rayskiego.jpg
Szczecin Świerczewo,ul. Antoniego Kaliny,1,32,300000,9288,Oferta biura nieruchomości,ponad miesiąc temu,8,https://adresowo.pl/o/mieszkanie-szczecin-swierczewo-ul-antoniego-kaliny-1-pokoj-o4y3l8,https://s2.adresowa.pl/oi/2f/75/39b5ec_3f07_cover-1-pokojowe-mieszkanie-szczecin-swierczewo-ul-antoniego-kaliny.jpg
Szczecin Centrum,ul. Monte Cassino,2,78,550000,7051,Bez pośredników,ponad tydzień temu,11,https://adresowo.pl/o/mieszkanie-szczecin-centrum-ul-monte-cassino-2-pokojowe-s7h5d6,https://s2.adresowa.pl/oi/43/7a/3a2c60_cb93_cover-2-pokojowe-mieszkanie-szczecin-centrum-ul-monte-cassino.jpg
Szczecin Bolinko,ul. Heleny,2,52,570000,10962,Bez pośredników,ponad tydzień temu,5,https://adresowo.pl/o/mieszkanie-szczecin-bolinko-ul-heleny-2-pokojowe-b2u1u8,https://s2.adresowa.pl/oi/3c/27/3a2968_f01a_cover-2-pokojowe-mieszkanie-szczecin-bolinko-ul-heleny.jpg
Szczecin Pomorzany,ul. Xawerego Dunikowskiego,2,39,350000,8974,Bez pośredników,ponad tydzień temu,5,https://adresowo.pl/o/mieszkanie-szczecin-pomorzany-ul-xawerego-dunikowskiego-2-pokojowe-r2p9v5,https://s2.adresowa.pl/oi/4a/24/3a28b8_38dc_cover-2-pokojowe-mieszkanie-szczecin-pomorzany-ul-xawerego-dunikowskiego.jpg
Szczecin Śródmieście,,2,27,439000,16081,Oferta biura nieruchomości,ponad miesiąc temu,4,https://adresowo.pl/o/mieszkanie-szczecin-srodmiescie-2-pokojowe-27-m2-d0y5y3,https://s2.adresowa.pl/oi/13/3f/39b5ee_fe96_cover-2-pokojowe-mieszkanie-szczecin-srodmiescie.jpg
Szczecin Stołczyn,,4,180,1100000,6111,Oferta biura nieruchomości,ponad miesiąc temu,10,https://adresowo.pl/o/mieszkanie-szczecin-stolczyn-4-pokojowe-180-m2-d0o1l1,https://s2.adresowa.pl/oi/41/4b/39b496_6e2a_cover-4-pokojowe-mieszkanie-szczecin-stolczyn.jpg
Szczecin Śródmieście,ul. Parkowa,2,75,699000,9320,Bez pośredników,ponad tydzień temu,12,https://adresowo.pl/o/mieszkanie-szczecin-srodmiescie-ul-parkowa-2-pokojowe-w2o5n7,https://s2.adresowa.pl/oi/5c/6e/3a26da_ab66_cover-2-pokojowe-mieszkanie-szczecin-srodmiescie-ul-parkowa.jpg
Szczecin Niebuszewo,,2,43,387000,9000,Bez pośredników,ponad tydzień temu,7,https://adresowo.pl/o/mieszkanie-szczecin-niebuszewo-2-pokojowe-43-m2-l7j2q1,https://s2.adresowa.pl/oi/35/10/3a2698_f117_cover-2-pokojowe-mieszkanie-szczecin-niebuszewo.jpg
Szczecin Śródmieście,al. Wyzwolenia,1,29,319000,11038,Bez pośredników,ponad tydzień temu,13,https://adresowo.pl/o/mieszkanie-szczecin-srodmiescie-al-wyzwolenia-1-pokoj-i5h5u4,https://s2.adresowa.pl/oi/6a/1e/3a265e_f056_cover-1-pokojowe-mieszkanie-szczecin-srodmiescie-al-wyzwolenia.jpg
Szczecin,ul. Leona Heyki,3,78,920000,11868,Oferta biura nieruchomości,ponad miesiąc temu,19,https://adresowo.pl/o/mieszkanie-szczecin-ul-leona-heyki-3-pokojowe-j8l7l9,https://s2.adresowa.pl/oi/17/4b/3996d4_df54_cover-3-pokojowe-mieszkanie-szczecin-ul-leona-heyki.jpg
Szczecin,,4,94,820000,8723,Oferta biura nieruchomości,ponad miesiąc temu,17,https://adresowo.pl/o/mieszkanie-szczecin-4-pokojowe-94-m2-k3n5h7,https://s2.adresowa.pl/oi/16/54/39807a_3796_cover-4-pokojowe-mieszkanie-szczecin.jpg
Szczecin Centrum,al. Wyzwolenia,1,28,492000,17441,Bez pośredników,ponad tydzień temu,11,https://adresowo.pl/o/mieszkanie-szczecin-centrum-al-wyzwolenia-1-pokoj-q8b5h9,https://s2.adresowa.pl/oi/4a/4c/3a21ea_2ec3_cover-1-pokojowe-mieszkanie-szczecin-centrum-al-wyzwolenia.jpg
Szczecin Niebuszewo,ul. Łucznicza,2,37,428900,11592,Bez pośredników,ponad tydzień temu,5,https://adresowo.pl/o/mieszkanie-szczecin-niebuszewo-ul-lucznicza-2-pokojowe-v9s5k0,https://s2.adresowa.pl/oi/38/7c/3a1e78_4fdb_cover-2-pokojowe-mieszkanie-szczecin-niebuszewo-ul-lucznicza.jpg
Szczecin Centrum,ul. Juliana Ursyna Niemcewicza,2,53,460000,8614,Bez pośredników,ponad tydzień temu,5,https://adresowo.pl/o/mieszkanie-szczecin-centrum-ul-juliana-ursyna-niemcewicza-2-pokojowe-e1p2t3,https://s2.adresowa.pl/oi/16/34/3a0f18_744f_cover-2-pokojowe-mieszkanie-szczecin-centrum-ul-juliana-ursyna-niemcewicza.jpg
Szczecin,ul. Bolesława Śmiałego,3,93,820000,8817,Oferta biura nieruchomości,ponad miesiąc temu,6,https://adresowo.pl/o/mieszkanie-szczecin-ul-boleslawa-smialego-3-pokojowe-n9n6w1,https://s2.adresowa.pl/oi/4c/78/397e7a_b785_cover-3-pokojowe-mieszkanie-szczecin-ul-boleslawa-smialego.jpg
Szczecin,ul. Gabriela Narutowicza,2,46,410888,9011,Oferta biura nieruchomości,ponad miesiąc temu,8,https://adresowo.pl/o/mieszkanie-szczecin-ul-gabriela-narutowicza-2-pokojowe-d5h5r8,https://s2.adresowa.pl/oi/67/36/397b48_4f2f_cover-2-pokojowe-mieszkanie-szczecin-ul-gabriela-narutowicza.jpg
Szczecin Warszewo,ul. Panoramiczna,2,41,601400,14499,Bez pośredników,ponad tydzień temu,10,https://adresowo.pl/o/mieszkanie-szczecin-warszewo-ul-panoramiczna-2-pokojowe-u4o6r4,https://s2.adresowa.pl/oi/18/4f/3a1178_37c6_cover-2-pokojowe-mieszkanie-szczecin-warszewo-ul-panoramiczna.jpg
Szczecin Warszewo,ul. Złotowska,2,44,549000,12603,Bez pośredników,ponad tydzień temu,16,https://adresowo.pl/o/mieszkanie-szczecin-warszewo-ul-zlotowska-2-pokojowe-o0w6g1,https://s2.adresowa.pl/oi/31/6c/3a16d6_2a68_cover-2-pokojowe-mieszkanie-szczecin-warszewo-ul-zlotowska.jpg
Szczecin Świerczewo,,3,62,655000,10497,Bez pośredników,ponad tydzień temu,6,https://adresowo.pl/o/mieszkanie-szczecin-swierczewo-3-pokojowe-62-m2-r2s8j4,https://s2.adresowa.pl/oi/76/5b/3a14be_54d8_cover-3-pokojowe-mieszkanie-szczecin-swierczewo.jpg
Szczecin,ul. Gabriela Narutowicza,2,45,406260,9000,Oferta biura nieruchomości,ponad miesiąc temu,8,https://adresowo.pl/o/mieszkanie-szczecin-ul-gabriela-narutowicza-2-pokojowe-s0d6p4,https://s2.adresowa.pl/oi/66/2d/397b40_330b_cover-2-pokojowe-mieszkanie-szczecin-ul-gabriela-narutowicza.jpg
Szczecin Centrum,al. Piastów,1,37,349000,9499,Oferta biura nieruchomości,ponad miesiąc temu,15,https://adresowo.pl/o/mieszkanie-szczecin-centrum-al-piastow-1-pokoj-k2r3q1,https://s2.adresowa.pl/oi/6d/68/397b16_64d6_cover-1-pokojowe-mieszkanie-szczecin-centrum-al-piastow.jpg
Szczecin Prawobrzeże,ul. Jasna,3,58,479000,8330,Bez pośredników,ponad tydzień temu,16,https://adresowo.pl/o/mieszkanie-szczecin-prawobrzeze-ul-jasna-3-pokojowe-z5x0g2,https://s2.adresowa.pl/oi/54/2d/3a135c_50fc_cover-3-pokojowe-mieszkanie-szczecin-prawobrzeze-ul-jasna.jpg
Szczecin Gumieńce,ul. Barbakan,2,55,919000,16709,Bez pośredników,ponad tydzień temu,18,https://adresowo.pl/o/mieszkanie-szczecin-gumience-ul-barbakan-2-pokojowe-c5e3s8,https://s2.adresowa.pl/oi/28/54/3a11e2_57e7_cover-2-pokojowe-mieszkanie-szczecin-gumience-ul-barbakan.jpg
Szczecin Pomorzany,ul. Xawerego Dunikowskiego,2,47,399999,8511,Bez pośredników,ponad tydzień temu,8,https://adresowo.pl/o/mieszkanie-szczecin-pomorzany-ul-xawerego-dunikowskiego-2-pokojowe-e2c0w0,https://s2.adresowa.pl/oi/50/34/3a119e_2823_cover-2-pokojowe-mieszkanie-szczecin-pomorzany-ul-xawerego-dunikowskiego.jpg
Szczecin Żydowce,ul. Motorowa,1,18,179000,10229,Oferta biura nieruchomości,ponad miesiąc temu,10,https://adresowo.pl/o/mieszkanie-szczecin-zydowce-ul-motorowa-1-pokoj-x6h6h8,https://s2.adresowa.pl/oi/7d/5d/397b18_f4e5_cover-1-pokojowe-mieszkanie-szczecin-zydowce-ul-motorowa.jpg
Szczecin Podjuchy,,5,70,595000,8500,Oferta biura nieruchomości,ponad miesiąc temu,15,https://adresowo.pl/o/mieszkanie-szczecin-podjuchy-5-pokojowe-70-m2-i2r5t0,https://s2.adresowa.pl/oi/71/53/397b10_acc5_cover-5-pokojowe-mieszkanie-szczecin-podjuchy.jpg
Szczecin Gumieńce,ul. Gorzowska,2,37,430000,11622,Bez pośredników,ponad tydzień temu,25,https://adresowo.pl/o/mieszkanie-szczecin-gumience-ul-gorzowska-2-pokojowe-r4q9l0,https://s2.adresowa.pl/oi/39/15/3a0f54_a8f4_cover-2-pokojowe-mieszkanie-szczecin-gumience-ul-gorzowska.jpg
Szczecin Śródmieście,ul. Lutniana,3,75,780000,10400,Bez pośredników,ponad tydzień temu,8,https://adresowo.pl/o/mieszkanie-szczecin-srodmiescie-ul-lutniana-3-pokojowe-k4d9m8,https://s2.adresowa.pl/oi/22/19/3a0f10_bf3c_cover-3-pokojowe-mieszkanie-szczecin-srodmiescie-ul-lutniana.jpg
Szczecin Warszewo,,2,43,550000,12791,Bez pośredników,ponad tydzień temu,8,https://adresowo.pl/o/mieszkanie-szczecin-warszewo-2-pokojowe-43-m2-n9a6t1,https://s2.adresowa.pl/oi/7a/59/3a0c48_be65_cover-2-pokojowe-mieszkanie-szczecin-warszewo.jpg
Szczecin,ul. Janusza Kusocińskiego,2,55,499000,9068,Oferta biura nieruchomości,ponad miesiąc temu,13,https://adresowo.pl/o/mieszkanie-szczecin-ul-janusza-kusocinskiego-2-pokojowe-q3b5q4,https://s2.adresowa.pl/oi/7c/28/397b0e_baa2_cover-2-pokojowe-mieszkanie-szczecin-ul-janusza-kusocinskiego.jpg
Szczecin Centrum,al. Wojska Polskiego,2,53,690000,12946,Oferta biura nieruchomości,ponad miesiąc temu,15,https://adresowo.pl/o/mieszkanie-szczecin-centrum-al-wojska-polskiego-2-pokojowe-i0t2v5,https://s2.adresowa.pl/oi/68/1d/397b04_6213_cover-2-pokojowe-mieszkanie-szczecin-centrum-al-wojska-polskiego.jpg
Szczecin Majowe,ul. Jerzego Andrzejewskiego,2,48,560000,11667,Bez pośredników,ponad tydzień temu,16,https://adresowo.pl/o/mieszkanie-szczecin-majowe-ul-jerzego-andrzejewskiego-2-pokojowe-i8u0b2,https://s2.adresowa.pl/oi/23/65/3a0be0_8989_cover-2-pokojowe-mieszkanie-szczecin-majowe-ul-jerzego-andrzejewskiego.jpg
Szczecin Niebuszewo,,2,38,449000,11878,Bez pośredników,ponad tydzień temu,8,https://adresowo.pl/o/mieszkanie-szczecin-niebuszewo-2-pokojowe-37-m2-y1w2v6,https://s2.adresowa.pl/oi/3c/71/3a098a_f827_cover-2-pokojowe-mieszkanie-szczecin-niebuszewo.jpg
Szczecin Pogodno,ul. ks. Stanisława Kozierowskiego,3,106,936000,8830,Bez pośredników,ponad tydzień temu,24,https://adresowo.pl/o/mieszkanie-szczecin-pogodno-ul-ks-stanislawa-kozierowskiego-3-pokojowe-p7f8v8,https://s2.adresowa.pl/oi/32/58/3a06de_797c_cover-3-pokojowe-mieszkanie-szczecin-pogodno-ul-ks-stanislawa-kozierowskiego.jpg
Szczecin,ul. Gabriela Narutowicza,2,36,355600,10000,Oferta biura nieruchomości,ponad miesiąc temu,7,https://adresowo.pl/o/mieszkanie-szczecin-ul-gabriela-narutowicza-2-pokojowe-r4a8s5,https://s2.adresowa.pl/oi/63/51/397624_d444_cover-2-pokojowe-mieszkanie-szczecin-ul-gabriela-narutowicza.jpg
Szczecin,ul. Gabriela Narutowicza,2,44,442600,10000,Oferta biura nieruchomości,ponad miesiąc temu,8,https://adresowo.pl/o/mieszkanie-szczecin-ul-gabriela-narutowicza-2-pokojowe-j9g8c8,https://s2.adresowa.pl/oi/6f/74/397622_cfd2_cover-2-pokojowe-mieszkanie-szczecin-ul-gabriela-narutowicza.jpg
Szczecin Bukowe,ul. Swojska,2,54,709000,13130,Bez pośredników,ponad tydzień temu,27,https://adresowo.pl/o/mieszkanie-szczecin-bukowe-ul-swojska-2-pokojowe-v1y5h4,https://s2.adresowa.pl/oi/46/75/3a0646_4ccf_cover-2-pokojowe-mieszkanie-szczecin-bukowe-ul-swojska.jpg
Szczecin Turzyn,ul. ks. Piotra Ściegiennego,2,62,739000,11977,Bez pośredników,ponad tydzień temu,12,https://adresowo.pl/o/mieszkanie-szczecin-turzyn-ul-ks-piotra-sciegiennego-2-pokojowe-g8e4x5,https://s2.adresowa.pl/oi/2d/52/39fe8c_f4fa_cover-2-pokojowe-mieszkanie-szczecin-turzyn-ul-ks-piotra-sciegiennego.jpg
Szczecin Centrum,ul. Wąska,2,35,465000,13286,Bez pośredników,ponad tydzień temu,20,https://adresowo.pl/o/mieszkanie-szczecin-centrum-ul-waska-2-pokojowe-a5g5k4,https://s2.adresowa.pl/oi/1a/69/39fdc6_3171_cover-2-pokojowe-mieszkanie-szczecin-centrum-ul-waska.jpg
Szczecin,ul. Gabriela Narutowicza,2,45,449500,10000,Oferta biura nieruchomości,ponad miesiąc temu,8,https://adresowo.pl/o/mieszkanie-szczecin-ul-gabriela-narutowicza-2-pokojowe-x6n7r0,https://s2.adresowa.pl/oi/22/13/39761e_7463_cover-2-pokojowe-mieszkanie-szczecin-ul-gabriela-narutowicza.jpg
Szczecin,ul. Gabriela Narutowicza,2,53,476640,9000,Oferta biura nieruchomości,ponad miesiąc temu,8,https://adresowo.pl/o/mieszkanie-szczecin-ul-gabriela-narutowicza-2-pokojowe-c1m7e3,https://s2.adresowa.pl/oi/4c/4f/3975d4_928c_cover-2-pokojowe-mieszkanie-szczecin-ul-gabriela-narutowicza.jpg
Szczecin Gumieńce,ul. Kazimierska,2,34,445000,13088,Bez pośredników,ponad tydzień temu,20,https://adresowo.pl/o/mieszkanie-szczecin-gumience-ul-kazimierska-2-pokojowe-i1j6e3,https://s2.adresowa.pl/oi/57/48/39f9d2_f784_cover-2-pokojowe-mieszkanie-szczecin-gumience-ul-kazimierska.jpg
Szczecin Śródmieście,ul. Gabriela Narutowicza,2,47,590000,12553,Bez pośredników,ponad tydzień temu,20,https://adresowo.pl/o/mieszkanie-szczecin-srodmiescie-ul-gabriela-narutowicza-2-pokojowe-r4y3p2,https://s2.adresowa.pl/oi/11/45/39f9cc_2b99_cover-2-pokojowe-mieszkanie-szczecin-srodmiescie-ul-gabriela-narutowicza.jpg
Szczecin Centrum,ul. Bartosza Głowackiego,2,29,500000,17106,Bez pośredników,ponad tydzień temu,11,https://adresowo.pl/o/mieszkanie-szczecin-centrum-ul-bartosza-glowackiego-2-pokojowe-d9i9f4,https://s2.adresowa.pl/oi/5f/19/39f9b6_d201_cover-2-pokojowe-mieszkanie-szczecin-centrum-ul-bartosza-glowackiego.jpg
Szczecin,pl. Dziecka,2,59,499999,8512,Oferta biura nieruchomości,ponad miesiąc temu,13,https://adresowo.pl/o/mieszkanie-szczecin-pl-dziecka-2-pokojowe-o0u4l0,https://s2.adresowa.pl/oi/17/6e/395e78_9e0f_cover-2-pokojowe-mieszkanie-szczecin-pl-dziecka.jpg
Szczecin Drzetowo,ul. Willowa,2,41,410000,9981,Oferta biura nieruchomości,ponad miesiąc temu,12,https://adresowo.pl/o/mieszkanie-szczecin-drzetowo-ul-willowa-2-pokojowe-f3o1r7,https://s2.adresowa.pl/oi/4e/30/3958fa_28b6_cover-2-pokojowe-mieszkanie-szczecin-drzetowo-ul-willowa.jpg
Szczecin Niebuszewo,,2,35,390000,11143,Bez pośredników,ponad tydzień temu,8,https://adresowo.pl/o/mieszkanie-szczecin-niebuszewo-2-pokojowe-35-m2-m3a3a5,https://s2.adresowa.pl/oi/23/26/39f98e_c4ec_cover-2-pokojowe-mieszkanie-szczecin-niebuszewo.jpg
Szczecin Śródmieście,pl. Żołnierza Polskiego,1,50,700000,14028,Bez pośredników,ponad tydzień temu,11,https://adresowo.pl/o/mieszkanie-szczecin-srodmiescie-pl-zolnierza-polskiego-1-pokoj-t4e7p7,https://s2.adresowa.pl/oi/60/7a/39f97a_dbc5_cover-1-pokojowe-mieszkanie-szczecin-srodmiescie-pl-zolnierza-polskiego.jpg
Szczecin Śródmieście,al. Wojska Polskiego,2,61,360000,5902,Bez pośredników,ponad tydzień temu,8,https://adresowo.pl/o/mieszkanie-szczecin-srodmiescie-al-wojska-polskiego-2-pokojowe-d4c2e8,https://s2.adresowa.pl/oi/6d/59/39f876_a49a_cover-2-pokojowe-mieszkanie-szczecin-srodmiescie-al-wojska-polskiego.jpg
Szczecin Płonia,ul. Antoniego Abrahama,3,60,579000,9597,Oferta biura nieruchomości,ponad miesiąc temu,13,https://adresowo.pl/o/mieszkanie-szczecin-plonia-ul-antoniego-abrahama-3-pokojowe-l7z3x9,https://s2.adresowa.pl/oi/2f/2b/395158_610c_cover-3-pokojowe-mieszkanie-szczecin-plonia-ul-antoniego-abrahama.jpg
Szczecin,ul. 5 Lipca,3,74,729000,9851,Oferta biura nieruchomości,ponad miesiąc temu,16,https://adresowo.pl/o/mieszkanie-szczecin-ul-5-lipca-3-pokojowe-s2m3w2,https://s2.adresowa.pl/oi/37/59/393f64_ec23_cover-3-pokojowe-mieszkanie-szczecin-ul-5-lipca.jpg
Szczecin Osów,ul. Wymarzona,3,61,999000,16377,Bez pośredników,ponad tydzień temu,18,https://adresowo.pl/o/mieszkanie-szczecin-osow-ul-wymarzona-3-pokojowe-d9x8m5,https://s2.adresowa.pl/oi/39/58/39f7f8_8d2f_cover-3-pokojowe-mieszkanie-szczecin-osow-ul-wymarzona.jpg
Szczecin Prawobrzeże,ul. Turkusowa,4,85,769000,9047,Bez pośredników,ponad tydzień temu,20,https://adresowo.pl/o/mieszkanie-szczecin-prawobrzeze-ul-turkusowa-4-pokojowe-x7i2k9,https://s2.adresowa.pl/oi/2d/5e/39f66e_4b8f_cover-4-pokojowe-mieszkanie-szczecin-prawobrzeze-ul-turkusowa.jpg
Szczecin Bezrzecze,,3,70,780000,11083,Bez pośredników,ponad tydzień temu,10,https://adresowo.pl/o/mieszkanie-szczecin-bezrzecze-3-pokojowe-70-m2-x8l9a6,https://s2.adresowa.pl/oi/21/51/39f228_9e66_cover-3-pokojowe-mieszkanie-szczecin-bezrzecze.jpg
Szczecin,al. Piastów,4,99,759000,7667,Oferta biura nieruchomości,ponad miesiąc temu,12,https://adresowo.pl/o/mieszkanie-szczecin-al-piastow-4-pokojowe-u7u9g2,https://s2.adresowa.pl/oi/66/14/393844_e8ae_cover-4-pokojowe-mieszkanie-szczecin-al-piastow.jpg
Szczecin Gumieńce,,5,119,949000,8007,Oferta biura nieruchomości,ponad miesiąc temu,18,https://adresowo.pl/o/mieszkanie-szczecin-gumience-5-pokojowe-118-m2-c0n0l7,https://s2.adresowa.pl/oi/48/1c/392694_4abb_cover-5-pokojowe-mieszkanie-szczecin-gumience.jpg
Szczecin Pomorzany,al. Powstańców Wielkopolskich,2,38,350000,9211,Bez pośredników,ponad tydzień temu,8,https://adresowo.pl/o/mieszkanie-szczecin-pomorzany-al-powstancow-wielkopolskich-2-pokojowe-p3s3t3,https://s2.adresowa.pl/oi/50/5a/39f210_d460_cover-2-pokojowe-mieszkanie-szczecin-pomorzany-al-powstancow-wielkopolskich.jpg
Szczecin Warszewo,ul. Limby,3,55,683000,12391,Bez pośredników,ponad tydzień temu,11,https://adresowo.pl/o/mieszkanie-szczecin-warszewo-ul-limby-3-pokojowe-x8c2o1,https://s2.adresowa.pl/oi/31/7c/39f1cc_cb86_cover-3-pokojowe-mieszkanie-szczecin-warszewo-ul-limby.jpg
Szczecin Centrum,ul. Miedziana,2,41,569000,13892,Bez pośredników,ponad tydzień temu,14,https://adresowo.pl/o/mieszkanie-szczecin-centrum-ul-miedziana-2-pokojowe-y0h9j9,https://s2.adresowa.pl/oi/5d/73/39f090_bcbb_cover-2-pokojowe-mieszkanie-szczecin-centrum-ul-miedziana.jpg
Szczecin Warszewo,ul. Pelikana,4,96,956600,10000,Oferta biura nieruchomości,ponad miesiąc temu,50,https://adresowo.pl/o/mieszkanie-szczecin-warszewo-ul-pelikana-4-pokojowe-u1t1d6,https://s2.adresowa.pl/oi/68/4f/391f40_d8bb_cover-4-pokojowe-mieszkanie-szczecin-warszewo-ul-pelikana.jpg
Szczecin,ul. Władysława Jagiełły,1,47,299000,6389,Oferta biura nieruchomości,ponad miesiąc temu,9,https://adresowo.pl/o/mieszkanie-szczecin-ul-wladyslawa-jagielly-1-pokoj-b8i3g1,https://s2.adresowa.pl/oi/1b/43/391be4_7e6d_cover-1-pokojowe-mieszkanie-szczecin-ul-wladyslawa-jagielly.jpg
Szczecin Centrum,ul. marsz. Józefa Piłsudskiego,4,128,719000,5617,Bez pośredników,ponad tydzień temu,12,https://adresowo.pl/o/mieszkanie-szczecin-centrum-ul-marsz-jozefa-pilsudskiego-4-pokojowe-d8o0t0,https://s2.adresowa.pl/oi/47/70/39e8d8_c498_cover-4-pokojowe-mieszkanie-szczecin-centrum-ul-marsz-jozefa-pilsudskiego.jpg
Szczecin Śródmieście,al. Papieża Jana Pawła II,2,47,465000,9879,Bez pośredników,ponad tydzień temu,8,https://adresowo.pl/o/mieszkanie-szczecin-srodmiescie-al-papieza-jana-pawla-ii-2-pokojowe-u8a9w1,https://s2.adresowa.pl/oi/1b/6d/39e826_926a_cover-2-pokojowe-mieszkanie-szczecin-srodmiescie-al-papieza-jana-pawla-ii.jpg
Szczecin Pomorzany,ul. Xawerego Dunikowskiego,3,48,490000,10208,Bez pośredników,ponad tydzień temu,15,https://adresowo.pl/o/mieszkanie-szczecin-pomorzany-ul-xawerego-dunikowskiego-3-pokojowe-c7m1i6,https://s2.adresowa.pl/oi/7a/7e/39e6d6_784a_cover-3-pokojowe-mieszkanie-szczecin-pomorzany-ul-xawerego-dunikowskiego.jpg
Szczecin,ul. Aleksandra Kostki Napierskiego,3,60,537000,8995,Oferta biura nieruchomości,ponad miesiąc temu,12,https://adresowo.pl/o/mieszkanie-szczecin-ul-aleksandra-kostki-napierskiego-3-pokojowe-t4u1p3,https://s2.adresowa.pl/oi/3e/20/39133a_8c68_cover-3-pokojowe-mieszkanie-szczecin-ul-aleksandra-kostki-napierskiego.jpg
Szczecin Stare Miasto,ul. Grodzka,2,42,579000,13640,Oferta biura nieruchomości,ponad miesiąc temu,10,https://adresowo.pl/o/mieszkanie-szczecin-stare-miasto-ul-grodzka-2-pokojowe-v8q1t7,https://s2.adresowa.pl/oi/6c/11/390964_564e_cover-2-pokojowe-mieszkanie-szczecin-stare-miasto-ul-grodzka.jpg
Szczecin Słoneczne,ul. Aleksandra Kostki Napierskiego,4,64,684000,10755,Bez pośredników,ponad tydzień temu,12,https://adresowo.pl/o/mieszkanie-szczecin-sloneczne-ul-aleksandra-kostki-napierskiego-4-pokojowe-s3m9o9,https://s2.adresowa.pl/oi/51/5f/39e6a8_625f_cover-4-pokojowe-mieszkanie-szczecin-sloneczne-ul-aleksandra-kostki-napierskiego.jpg
Szczecin Prawobrzeże,ul. Lucjana Rydla,2,49,485000,10000,Bez pośredników,ponad tydzień temu,18,https://adresowo.pl/o/mieszkanie-szczecin-prawobrzeze-ul-lucjana-rydla-2-pokojowe-q9p3x0,https://s2.adresowa.pl/oi/7a/23/39e65a_fb1c_cover-2-pokojowe-mieszkanie-szczecin-prawobrzeze-ul-lucjana-rydla.jpg
Szczecin Śródmieście,ul. Podhalańska,4,72,749000,10403,Bez pośredników,ponad tydzień temu,19,https://adresowo.pl/o/mieszkanie-szczecin-srodmiescie-ul-podhalanska-4-pokojowe-w9i1x9,https://s2.adresowa.pl/oi/69/47/39e626_f67c_cover-4-pokojowe-mieszkanie-szczecin-srodmiescie-ul-podhalanska.jpg
Szczecin Centrum,al. Wojska Polskiego,3,87,729000,8389,Oferta biura nieruchomości,ponad miesiąc temu,18,https://adresowo.pl/o/mieszkanie-szczecin-centrum-al-wojska-polskiego-3-pokojowe-x1x4d0,https://s2.adresowa.pl/oi/48/36/38fcae_eca6_cover-3-pokojowe-mieszkanie-szczecin-centrum-al-wojska-polskiego.jpg
Szczecin Żelechowa,ul. Maksymiliana Golisza,4,65,706968,10800,Oferta biura nieruchomości,ponad miesiąc temu,2,https://adresowo.pl/o/mieszkanie-szczecin-zelechowa-ul-maksymiliana-golisza-4-pokojowe-d8z3v6,https://s2.adresowa.pl/oi/2f/35/38fc96_90c9_cover-4-pokojowe-mieszkanie-szczecin-zelechowa-ul-maksymiliana-golisza.jpg
Szczecin Żydowce,ul. Motorowa,1,19,120000,6316,Bez pośredników,ponad tydzień temu,4,https://adresowo.pl/o/mieszkanie-szczecin-zydowce-ul-motorowa-1-pokoj-k3u2w8,https://s2.adresowa.pl/oi/1f/1d/39e426_5677_cover-1-pokojowe-mieszkanie-szczecin-zydowce-ul-motorowa.jpg
Szczecin Niemierzyn,ul. Fryderyka Chopina,4,62,485000,7774,Bez pośredników,ponad tydzień temu,11,https://adresowo.pl/o/mieszkanie-szczecin-niemierzyn-ul-fryderyka-chopina-4-pokojowe-s6x6n4,https://s2.adresowa.pl/oi/11/50/39e382_ef02_cover-4-pokojowe-mieszkanie-szczecin-niemierzyn-ul-fryderyka-chopina.jpg
Szczecin Słoneczne,ul. Kazimierza Wierzyńskiego,2,32,325000,10156,Bez pośredników,ponad tydzień temu,11,https://adresowo.pl/o/mieszkanie-szczecin-sloneczne-ul-kazimierza-wierzynskiego-2-pokojowe-e1c4l3,https://s2.adresowa.pl/oi/30/47/39dc24_c5d9_cover-2-pokojowe-mieszkanie-szczecin-sloneczne-ul-kazimierza-wierzynskiego.jpg
Szczecin,al. Wojska Polskiego,3,58,544000,9456,Oferta biura nieruchomości,ponad miesiąc temu,9,https://adresowo.pl/o/mieszkanie-szczecin-al-wojska-polskiego-3-pokojowe-p6y2n0,https://s2.adresowa.pl/oi/57/76/38fc68_fdf9_cover-3-pokojowe-mieszkanie-szczecin-al-wojska-polskiego.jpg
Szczecin,ul. Władysława Szafera,4,64,515000,8009,Oferta biura nieruchomości,ponad miesiąc temu,18,https://adresowo.pl/o/mieszkanie-szczecin-ul-wladyslawa-szafera-4-pokojowe-g5v2v5,https://s2.adresowa.pl/oi/59/24/38fc48_6de0_cover-4-pokojowe-mieszkanie-szczecin-ul-wladyslawa-szafera.jpg
Szczecin Pogodno,ul. ks. Stanisława Kozierowskiego,3,106,936000,8830,Bez pośredników,ponad tydzień temu,24,https://adresowo.pl/o/mieszkanie-szczecin-pogodno-ul-ks-stanislawa-kozierowskiego-3-pokojowe-p7f8v8,https://s2.adresowa.pl/oi/32/58/3a06de_797c_cover-3-pokojowe-mieszkanie-szczecin-pogodno-ul-ks-stanislawa-kozierowskiego.jpg
Szczecin Zawadzkiego-Klonowica,ul. Eugeniusza Romera,3,63,619000,9810,Bez pośredników,ponad tydzień temu,12,https://adresowo.pl/o/mieszkanie-szczecin-zawadzkiego-klonowica-ul-eugeniusza-romera-3-pokojowe-v1q2o4,https://s2.adresowa.pl/oi/19/4f/39db8e_6aa7_cover-3-pokojowe-mieszkanie-szczecin-zawadzkiego-klonowica-ul-eugeniusza-romera.jpg
Szczecin Bezrzecze,ul. Cynamonowa,3,58,679000,11687,Bez pośredników,ponad tydzień temu,10,https://adresowo.pl/o/mieszkanie-szczecin-bezrzecze-ul-cynamonowa-3-pokojowe-j1d6s5,https://s2.adresowa.pl/oi/5b/30/39db32_2d3c_cover-3-pokojowe-mieszkanie-szczecin-bezrzecze-ul-cynamonowa.jpg
,,,,,,Pośrednik,,,https://adresowo.pl/mieszkania/szczecin/centrum-U/,
Szczecin Niebuszewo,ul. Edwarda Dembowskiego,3,56,719000,12735,Bez pośredników,ponad tydzień temu,11,https://adresowo.pl/o/mieszkanie-szczecin-niebuszewo-ul-edwarda-dembowskiego-3-pokojowe-p7x3h2,https://s2.adresowa.pl/oi/73/25/39dad8_9f4b_cover-3-pokojowe-mieszkanie-szczecin-niebuszewo-ul-edwarda-dembowskiego.jpg
,,,,,,Pośrednik,,,,
,,,,,,Pośrednik,,,,
Szczecin Centrum,pl. Zgody,3,68,609000,9022,Oferta biura nieruchomości,ponad miesiąc temu,17,https://adresowo.pl/o/mieszkanie-szczecin-centrum-pl-zgody-3-pokojowe-i9r2v6,https://s2.adresowa.pl/oi/58/52/38fc4c_ff8b_cover-3-pokojowe-mieszkanie-szczecin-centrum-pl-zgody.jpg
Szczecin Gumieńce,,3,74,630000,8505,Oferta biura nieruchomości,ponad miesiąc temu,7,https://adresowo.pl/o/mieszkanie-szczecin-gumience-3-pokojowe-74-m2-e5v8w9,https://s2.adresowa.pl/oi/2b/66/38fc40_d005_cover-3-pokojowe-mieszkanie-szczecin-gumience.jpg
Szczecin Centrum,ul. Władysława Jagiełły,4,64,509000,7953,Bez pośredników,ponad tydzień temu,9,https://adresowo.pl/o/mieszkanie-szczecin-centrum-ul-wladyslawa-jagielly-4-pokojowe-z6g7r6,https://s2.adresowa.pl/oi/78/54/39c59c_2d9b_cover-4-pokojowe-mieszkanie-szczecin-centrum-ul-wladyslawa-jagielly.jpg
Szczecin Zawadzkiego-Klonowica,ul. Sebastiana Klonowica,2,45,399000,8966,Bez pośredników,ponad miesiąc temu,7,https://adresowo.pl/o/mieszkanie-szczecin-zawadzkiego-klonowica-ul-sebastiana-klonowica-2-pokojowe-g3k7x3,https://s2.adresowa.pl/oi/1f/22/39d3ec_5cf1_cover-2-pokojowe-mieszkanie-szczecin-zawadzkiego-klonowica-ul-sebastiana-klonowica.jpg
,,,,,,Pośrednik,,,,
,,,,,,Pośrednik,,,,
Szczecin Gumieńce,ul. Konstantego Maciejewicza,2,49,489000,9986,Bez pośredników,ponad miesiąc temu,7,https://adresowo.pl/o/mieszkanie-szczecin-gumience-ul-konstantego-maciejewicza-2-pokojowe-s1f9e7,https://s2.adresowa.pl/oi/5c/16/39cf30_cff6_cover-2-pokojowe-mieszkanie-szczecin-gumience-ul-konstantego-maciejewicza.jpg
Szczecin Śródmieście,ul. Ofiar Oświęcimia,2,36,379000,10598,Oferta biura nieruchomości,ponad miesiąc temu,8,https://adresowo.pl/o/mieszkanie-szczecin-srodmiescie-ul-ofiar-oswiecimia-2-pokojowe-o1l4k1,https://s2.adresowa.pl/oi/5a/5e/38fc42_a1b9_cover-2-pokojowe-mieszkanie-szczecin-srodmiescie-ul-ofiar-oswiecimia.jpg
Szczecin Zawadzkiego-Klonowica,,3,53,639000,12116,Oferta biura nieruchomości,ponad miesiąc temu,14,https://adresowo.pl/o/mieszkanie-szczecin-zawadzkiego-klonowica-3-pokojowe-52-m2-i1a8g1,https://s2.adresowa.pl/oi/4a/11/38fc10_aa50_cover-3-pokojowe-mieszkanie-szczecin-zawadzkiego-klonowica.jpg
Szczecin Centrum,ul. Parkowa,3,45,410000,9111,Bez pośredników,ponad miesiąc temu,7,https://adresowo.pl/o/mieszkanie-szczecin-centrum-ul-parkowa-3-pokojowe-s0h8l0,https://s2.adresowa.pl/oi/73/52/39cda8_2ab5_cover-3-pokojowe-mieszkanie-szczecin-centrum-ul-parkowa.jpg
,,,,,,Pośrednik,,,,
,,,,,,Pośrednik,,,,
Szczecin Podjuchy,ul. Smocza,3,118,990000,8390,Bez pośredników,ponad miesiąc temu,24,https://adresowo.pl/o/mieszkanie-szczecin-podjuchy-ul-smocza-3-pokojowe-x2a8y4,https://s2.adresowa.pl/oi/2f/32/39c678_ae71_cover-3-pokojowe-mieszkanie-szczecin-podjuchy-ul-smocza.jpg
Szczecin Gumieńce,,2,38,475272,12600,Bez pośredników,ponad miesiąc temu,6,https://adresowo.pl/o/mieszkanie-szczecin-gumience-2-pokojowe-37-m2-d8g0s5,https://s2.adresowa.pl/oi/1f/5b/39c8fe_d698_cover-2-pokojowe-mieszkanie-szczecin-gumience.jpg
Szczecin,,2,54,615000,11380,Oferta biura nieruchomości,ponad miesiąc temu,17,https://adresowo.pl/o/mieszkanie-szczecin-2-pokojowe-54-m2-g9r3u0,https://s2.adresowa.pl/oi/7f/3d/38fc12_309b_cover-2-pokojowe-mieszkanie-szczecin.jpg
Szczecin Żelechowa,ul. Maksymiliana Golisza,3,59,626460,10602,Oferta biura nieruchomości,ponad miesiąc temu,2,https://adresowo.pl/o/mieszkanie-szczecin-zelechowa-ul-maksymiliana-golisza-3-pokojowe-x5w2r8,https://s2.adresowa.pl/oi/57/40/38fc14_59d9_cover-3-pokojowe-mieszkanie-szczecin-zelechowa-ul-maksymiliana-golisza.jpg
Szczecin Centrum,ul. Obrońców Stalingradu,2,34,335800,10000,Bez pośredników,ponad miesiąc temu,1,https://adresowo.pl/o/mieszkanie-szczecin-centrum-ul-obroncow-stalingradu-2-pokojowe-m9d8q4,https://s2.adresowa.pl/oi/6d/72/39c8fa_7e59_cover-2-pokojowe-mieszkanie-szczecin-centrum-ul-obroncow-stalingradu.jpg
,,,,,,Pośrednik,,,,
,,,,,,Pośrednik,,,,
Szczecin Prawobrzeże,ul. Aleksandra Kostki Napierskiego,4,64,629900,9904,Bez pośredników,ponad miesiąc temu,12,https://adresowo.pl/o/mieszkanie-szczecin-prawobrzeze-ul-aleksandra-kostki-napierskiego-4-pokojowe-d1i1h1,https://s2.adresowa.pl/oi/24/67/39c6b4_a42f_cover-4-pokojowe-mieszkanie-szczecin-prawobrzeze-ul-aleksandra-kostki-napierskiego.jpg
Szczecin Bukowe,ul. Fioletowa,2,50,494000,9980,Bez pośredników,ponad miesiąc temu,15,https://adresowo.pl/o/mieszkanie-szczecin-bukowe-ul-fioletowa-2-pokojowe-p5f9i5,https://s2.adresowa.pl/oi/45/11/39c696_7604_cover-2-pokojowe-mieszkanie-szczecin-bukowe-ul-fioletowa.jpg
Szczecin Gumieńce,,3,71,719900,10190,Oferta biura nieruchomości,ponad miesiąc temu,11,https://adresowo.pl/o/mieszkanie-szczecin-gumience-3-pokojowe-70-m2-u9f0p1,https://s2.adresowa.pl/oi/55/29/38fc08_2d87_cover-3-pokojowe-mieszkanie-szczecin-gumience.jpg
Szczecin Warszewo,ul. Włodzimierza Ostoi-Zagórskiego,2,44,455260,10300,Oferta biura nieruchomości,ponad miesiąc temu,3,https://adresowo.pl/o/mieszkanie-szczecin-warszewo-ul-wlodzimierza-ostoi-zagorskiego-2-pokojowe-v3b3p5,https://s2.adresowa.pl/oi/31/74/38fbfc_827d_cover-2-pokojowe-mieszkanie-szczecin-warszewo-ul-wlodzimierza-ostoi-zagorskiego.jpg
Szczecin Bukowo,ul. Cztery Pory Roku,3,65,670000,10308,Bez pośredników,ponad miesiąc temu,20,https://adresowo.pl/o/mieszkanie-szczecin-bukowo-ul-cztery-pory-roku-3-pokojowe-g4b0p3,https://s2.adresowa.pl/oi/48/27/39bfdc_5ff8_cover-3-pokojowe-mieszkanie-szczecin-bukowo-ul-cztery-pory-roku.jpg
,,,,,,Pośrednik,,,,
,,,,,,Pośrednik,,,,
Szczecin Prawobrzeże,ul. Mariana Falskiego,3,68,660000,9735,Bez pośredników,ponad miesiąc temu,20,https://adresowo.pl/o/mieszkanie-szczecin-prawobrzeze-ul-mariana-falskiego-3-pokojowe-h6w0w0,https://s2.adresowa.pl/oi/54/6b/39bf10_5332_cover-3-pokojowe-mieszkanie-szczecin-prawobrzeze-ul-mariana-falskiego.jpg
Szczecin Gumieńce,ul. Lubelska,2,54,717000,13168,Bez pośredników,ponad miesiąc temu,9,https://adresowo.pl/o/mieszkanie-szczecin-gumience-ul-lubelska-2-pokojowe-u7i2i7,https://s2.adresowa.pl/oi/14/17/39bbec_f352_cover-2-pokojowe-mieszkanie-szczecin-gumience-ul-lubelska.jpg
Szczecin,ul. ks. kard. Stefana Wyszyńskiego,3,60,565000,9370,Oferta biura nieruchomości,ponad miesiąc temu,12,https://adresowo.pl/o/mieszkanie-szczecin-ul-ks-kard-stefana-wyszynskiego-3-pokojowe-z3t2i2,https://s2.adresowa.pl/oi/1d/3e/38fbf4_f08f_cover-3-pokojowe-mieszkanie-szczecin-ul-ks-kard-stefana-wyszynskiego.jpg
Szczecin Śródmieście,ul. Sławomira,3,80,519000,6488,Oferta biura nieruchomości,ponad miesiąc temu,9,https://adresowo.pl/o/mieszkanie-szczecin-srodmiescie-ul-slawomira-3-pokojowe-o9u9t7,https://s2.adresowa.pl/oi/34/50/38f92e_a11e_cover-3-pokojowe-mieszkanie-szczecin-srodmiescie-ul-slawomira.jpg
Szczecin Centrum,ul. Gabriela Narutowicza,2,38,395000,10367,Bez pośredników,ponad miesiąc temu,13,https://adresowo.pl/o/mieszkanie-szczecin-centrum-ul-gabriela-narutowicza-2-pokojowe-n5q0p6,https://s2.adresowa.pl/oi/4c/68/39a8fc_5a03_cover-2-pokojowe-mieszkanie-szczecin-centrum-ul-gabriela-narutowicza.jpg
Szczecin Słoneczne,ul. Łubinowa,2,40,649000,16225,Bez pośredników,ponad miesiąc temu,8,https://adresowo.pl/o/mieszkanie-szczecin-sloneczne-ul-lubinowa-2-pokojowe-l6b8q0,https://s2.adresowa.pl/oi/1a/2f/39a2e8_7bc6_cover-2-pokojowe-mieszkanie-szczecin-sloneczne-ul-lubinowa.jpg
,,,,,,Pośrednik,,,,
,,,,,,Pośrednik,,,,
Szczecin Centrum,ul. Jana Henryka Dąbrowskiego,3,70,840000,12000,Bez pośredników,ponad miesiąc temu,10,https://adresowo.pl/o/mieszkanie-szczecin-centrum-ul-jana-henryka-dabrowskiego-3-pokojowe-v2d0z2,https://s2.adresowa.pl/oi/5e/13/39a048_6ebf_cover-3-pokojowe-mieszkanie-szczecin-centrum-ul-jana-henryka-dabrowskiego.jpg
Szczecin Kijewo,,3,58,680000,11674,Oferta biura nieruchomości,ponad miesiąc temu,16,https://adresowo.pl/o/mieszkanie-szczecin-kijewo-3-pokojowe-58-m2-b2g3i8,https://s2.adresowa.pl/oi/3a/65/38f8fa_5e2c_cover-3-pokojowe-mieszkanie-szczecin-kijewo.jpg
Szczecin,ul. Bolesława Limanowskiego,2,52,300000,5813,Oferta biura nieruchomości,ponad miesiąc temu,4,https://adresowo.pl/o/mieszkanie-szczecin-ul-boleslawa-limanowskiego-2-pokojowe-v0y2d3,https://s2.adresowa.pl/oi/38/27/38df72_efb8_cover-2-pokojowe-mieszkanie-szczecin-ul-boleslawa-limanowskiego.jpg
Szczecin Zawadzkiego-Klonowica,ul. Eugeniusza Romera,4,64,599000,9359,Bez pośredników,ponad miesiąc temu,15,https://adresowo.pl/o/mieszkanie-szczecin-zawadzkiego-klonowica-ul-eugeniusza-romera-4-pokojowe-l8x6z6,https://s2.adresowa.pl/oi/50/31/399f94_f239_cover-4-pokojowe-mieszkanie-szczecin-zawadzkiego-klonowica-ul-eugeniusza-romera.jpg
Szczecin Pogodno,ul. Henryka Rodakowskiego,3,70,859000,12280,Bez pośredników,ponad miesiąc temu,13,https://adresowo.pl/o/mieszkanie-szczecin-pogodno-ul-henryka-rodakowskiego-3-pokojowe-u1f8z0,https://s2.adresowa.pl/oi/77/71/399fac_c77c_cover-3-pokojowe-mieszkanie-szczecin-pogodno-ul-henryka-rodakowskiego.jpg
Szczecin Warszewo,ul. ks. bp. Władysława Bandurskiego,3,73,860000,11781,Bez pośredników,ponad miesiąc temu,11,https://adresowo.pl/o/mieszkanie-szczecin-warszewo-ul-ks-bp-wladyslawa-bandurskiego-3-pokojowe-t3m3m0,https://s2.adresowa.pl/oi/53/54/399d4a_6fd7_cover-3-pokojowe-mieszkanie-szczecin-warszewo-ul-ks-bp-wladyslawa-bandurskiego.jpg
,,,,,,Pośrednik,,,,
,,,,,,Pośrednik,,,,
Szczecin,ul. Aleksandra Kostki Napierskiego,4,76,729000,9567,Oferta biura nieruchomości,ponad miesiąc temu,12,https://adresowo.pl/o/mieszkanie-szczecin-ul-aleksandra-kostki-napierskiego-4-pokojowe-r7g7h7,https://s2.adresowa.pl/oi/7a/54/38cc9c_c105_cover-4-pokojowe-mieszkanie-szczecin-ul-aleksandra-kostki-napierskiego.jpg
Szczecin Niebuszewo,ul. Heleny,2,47,549000,11681,Oferta biura nieruchomości,ponad miesiąc temu,14,https://adresowo.pl/o/mieszkanie-szczecin-niebuszewo-ul-heleny-2-pokojowe-o6x9j7,https://s2.adresowa.pl/oi/2e/34/38cc68_c7fa_cover-2-pokojowe-mieszkanie-szczecin-niebuszewo-ul-heleny.jpg
Szczecin Śródmieście,,2,50,530000,10600,Bez pośredników,ponad miesiąc temu,6,https://adresowo.pl/o/mieszkanie-szczecin-srodmiescie-2-pokojowe-50-m2-o1s6x0,https://s2.adresowa.pl/oi/69/49/399c1c_faac_cover-2-pokojowe-mieszkanie-szczecin-srodmiescie.jpg
Szczecin Słoneczne,ul. Lucjana Rydla,4,65,520000,8000,Bez pośredników,ponad miesiąc temu,16,https://adresowo.pl/o/mieszkanie-szczecin-sloneczne-ul-lucjana-rydla-4-pokojowe-e1n5h6,https://s2.adresowa.pl/oi/20/17/399a00_58ee_cover-4-pokojowe-mieszkanie-szczecin-sloneczne-ul-lucjana-rydla.jpg
Szczecin Śródmieście,al. Wyzwolenia,2,49,1029000,21000,Bez pośredników,ponad miesiąc temu,14,https://adresowo.pl/o/mieszkanie-szczecin-srodmiescie-al-wyzwolenia-2-pokojowe-s0j0l6,https://s2.adresowa.pl/oi/6f/4f/39995e_a1da_cover-2-pokojowe-mieszkanie-szczecin-srodmiescie-al-wyzwolenia.jpg
Szczecin,ul. Policka,4,65,615000,9476,Oferta biura nieruchomości,ponad miesiąc temu,10,https://adresowo.pl/o/mieszkanie-szczecin-ul-policka-4-pokojowe-p4c1b0,https://s2.adresowa.pl/oi/78/3c/38c54a_389b_cover-4-pokojowe-mieszkanie-szczecin-ul-policka.jpg
Szczecin Centrum,al. Bohaterów Warszawy,6,87,570000,6566,Oferta biura nieruchomości,ponad miesiąc temu,17,https://adresowo.pl/o/mieszkanie-szczecin-centrum-al-bohaterow-warszawy-6-pokojowe-k7g8c1,https://s2.adresowa.pl/oi/71/33/38c51e_79b1_cover-6-pokojowe-mieszkanie-szczecin-centrum-al-bohaterow-warszawy.jpg
Szczecin Gumieńce,ul. Rezedowa,3,54,539000,9981,Bez pośredników,ponad miesiąc temu,20,https://adresowo.pl/o/mieszkanie-szczecin-gumience-ul-rezedowa-3-pokojowe-j1t6s4,https://s2.adresowa.pl/oi/64/6a/399864_e812_cover-3-pokojowe-mieszkanie-szczecin-gumience-ul-rezedowa.jpg
Szczecin Podjuchy,ul. Mariana Falskiego,3,61,539000,8880,Bez pośredników,ponad miesiąc temu,20,https://adresowo.pl/o/mieszkanie-szczecin-podjuchy-ul-mariana-falskiego-3-pokojowe-j9d4b0,https://s2.adresowa.pl/oi/68/1e/3991f2_299e_cover-3-pokojowe-mieszkanie-szczecin-podjuchy-ul-mariana-falskiego.jpg
Szczecin Żelechowa,ul. Robotnicza,3,58,570000,9879,Bez pośredników,ponad miesiąc temu,13,https://adresowo.pl/o/mieszkanie-szczecin-zelechowa-ul-robotnicza-3-pokojowe-n8g1h8,https://s2.adresowa.pl/oi/30/44/399768_82e4_cover-3-pokojowe-mieszkanie-szczecin-zelechowa-ul-robotnicza.jpg
Szczecin,ul. Józefa Korzeniowskiego,4,91,457000,5022,Oferta biura nieruchomości,ponad miesiąc temu,12,https://adresowo.pl/o/mieszkanie-szczecin-ul-jozefa-korzeniowskiego-4-pokojowe-o3h0i4,https://s2.adresowa.pl/oi/47/70/38c3f6_6776_cover-4-pokojowe-mieszkanie-szczecin-ul-jozefa-korzeniowskiego.jpg
Szczecin Drzetowo,ul. Franciszka Ksawerego Druckiego-Lubeckiego,1,32,305000,9531,Oferta biura nieruchomości,ponad miesiąc temu,10,https://adresowo.pl/o/mieszkanie-szczecin-drzetowo-ul-franciszka-ksawerego-druckiego-lubeckiego-1-pokoj-z6d3o4,https://s2.adresowa.pl/oi/6d/46/38b5e2_b26a_cover-1-pokojowe-mieszkanie-szczecin-drzetowo-ul-franciszka-ksawerego-druckiego-lubeckiego.jpg
Szczecin Niebuszewo,,2,35,385000,11000,Bez pośredników,ponad miesiąc temu,7,https://adresowo.pl/o/mieszkanie-szczecin-niebuszewo-2-pokojowe-35-m2-z7k0e0,https://s2.adresowa.pl/oi/17/52/3992f8_8e2c_cover-2-pokojowe-mieszkanie-szczecin-niebuszewo.jpg
Szczecin Bukowe,ul. Akwarelowa,2,60,479000,7983,Bez pośredników,ponad miesiąc temu,12,https://adresowo.pl/o/mieszkanie-szczecin-bukowe-ul-akwarelowa-2-pokojowe-h5l1q0,https://s2.adresowa.pl/oi/3a/2d/398e94_9c9e_cover-2-pokojowe-mieszkanie-szczecin-bukowe-ul-akwarelowa.jpg
Szczecin Centrum,ul. Wielkopolska,1,36,385000,10600,Bez pośredników,ponad miesiąc temu,11,https://adresowo.pl/o/mieszkanie-szczecin-centrum-ul-wielkopolska-1-pokoj-q4d2t9,https://s2.adresowa.pl/oi/7a/77/398d8c_471f_cover-1-pokojowe-mieszkanie-szczecin-centrum-ul-wielkopolska.jpg
Szczecin Pomorzany,al. Powstańców Wielkopolskich,2,50,490000,9800,Oferta biura nieruchomości,ponad miesiąc temu,50,https://adresowo.pl/o/mieszkanie-szczecin-pomorzany-al-powstancow-wielkopolskich-2-pokojowe-i9l4l3,https://s2.adresowa.pl/oi/2c/1f/38ab74_e777_cover-2-pokojowe-mieszkanie-szczecin-pomorzany-al-powstancow-wielkopolskich.jpg
Szczecin Kijewo,ul. Świstacza,2,46,435000,9430,Oferta biura nieruchomości,ponad miesiąc temu,11,https://adresowo.pl/o/mieszkanie-szczecin-kijewo-ul-swistacza-2-pokojowe-v9h5p8,https://s2.adresowa.pl/oi/38/2d/388326_f22e_cover-2-pokojowe-mieszkanie-szczecin-kijewo-ul-swistacza.jpg
Szczecin Świerczewo,ul. Santocka,3,60,536000,9008,Bez pośredników,ponad miesiąc temu,20,https://adresowo.pl/o/mieszkanie-szczecin-swierczewo-ul-santocka-3-pokojowe-k6f6r0,https://s2.adresowa.pl/oi/41/3d/39868a_4604_cover-3-pokojowe-mieszkanie-szczecin-swierczewo-ul-santocka.jpg
Szczecin Centrum,ul. Pawła Stalmacha,2,29,352000,12138,Bez pośredników,ponad miesiąc temu,8,https://adresowo.pl/o/mieszkanie-szczecin-centrum-ul-pawla-stalmacha-2-pokojowe-y0b4d4,https://s2.adresowa.pl/oi/5d/1e/398116_28e0_cover-2-pokojowe-mieszkanie-szczecin-centrum-ul-pawla-stalmacha.jpg
Szczecin Drzetowo,ul. Parkowa,3,73,605000,8276,Bez pośredników,ponad miesiąc temu,10,https://adresowo.pl/o/mieszkanie-szczecin-drzetowo-ul-parkowa-3-pokojowe-z8x7x5,https://s2.adresowa.pl/oi/70/44/3979b6_ff62_cover-3-pokojowe-mieszkanie-szczecin-drzetowo-ul-parkowa.jpg
Szczecin Centrum,ul. Mariacka,2,48,890000,18666,Oferta biura nieruchomości,ponad miesiąc temu,50,https://adresowo.pl/o/mieszkanie-szczecin-centrum-ul-mariacka-2-pokojowe-v2r7n1,https://s2.adresowa.pl/oi/1e/61/386d62_29a0_cover-2-pokojowe-mieszkanie-szczecin-centrum-ul-mariacka.jpg
Szczecin,pl. Orła Białego,3,74,579000,7878,Oferta biura nieruchomości,ponad miesiąc temu,15,https://adresowo.pl/o/mieszkanie-szczecin-pl-orla-bialego-3-pokojowe-p1a4m2,https://s2.adresowa.pl/oi/6c/4b/38552e_3478_cover-3-pokojowe-mieszkanie-szczecin-pl-orla-bialego.jpg
Szczecin Bukowe,ul. Beżowa,2,59,615000,10459,Bez pośredników,ponad miesiąc temu,9,https://adresowo.pl/o/mieszkanie-szczecin-bukowe-ul-bezowa-2-pokojowe-p9k2w0,https://s2.adresowa.pl/oi/64/32/3979b2_b365_cover-2-pokojowe-mieszkanie-szczecin-bukowe-ul-bezowa.jpg
Szczecin Gumieńce,,4,110,859000,7809,Bez pośredników,ponad miesiąc temu,19,https://adresowo.pl/o/mieszkanie-szczecin-gumience-4-pokojowe-110-m2-h7n2h2,https://s2.adresowa.pl/oi/77/32/3979ac_c453_cover-4-pokojowe-mieszkanie-szczecin-gumience.jpg
Szczecin Bukowo,ul. Władysława Nehringa,3,59,699000,11860,Bez pośredników,ponad miesiąc temu,10,https://adresowo.pl/o/mieszkanie-szczecin-bukowo-ul-wladyslawa-nehringa-3-pokojowe-z8b2z3,https://s2.adresowa.pl/oi/4d/1e/39788c_8687_cover-3-pokojowe-mieszkanie-szczecin-bukowo-ul-wladyslawa-nehringa.jpg
Szczecin,ul. Zygmunta Chmielewskiego,2,48,599000,12611,Oferta biura nieruchomości,ponad miesiąc temu,9,https://adresowo.pl/o/mieszkanie-szczecin-ul-zygmunta-chmielewskiego-2-pokojowe-l7f5c7,https://s2.adresowa.pl/oi/19/67/3842b8_2daa_cover-2-pokojowe-mieszkanie-szczecin-ul-zygmunta-chmielewskiego.jpg
Szczecin Niebuszewo,ul. Elizy Orzeszkowej,3,59,450000,7627,Oferta biura nieruchomości,ponad miesiąc temu,17,https://adresowo.pl/o/mieszkanie-szczecin-niebuszewo-ul-elizy-orzeszkowej-3-pokojowe-d9t2y3,https://s2.adresowa.pl/oi/15/34/3831e2_4683_cover-3-pokojowe-mieszkanie-szczecin-niebuszewo-ul-elizy-orzeszkowej.jpg
Szczecin Warszewo,ul. Plejady,3,67,850000,12613,Bez pośredników,ponad miesiąc temu,22,https://adresowo.pl/o/mieszkanie-szczecin-warszewo-ul-plejady-3-pokojowe-o0s9h2,https://s2.adresowa.pl/oi/10/3b/397442_a92a_cover-3-pokojowe-mieszkanie-szczecin-warszewo-ul-plejady.jpg
Szczecin Bukowe,ul. Pomarańczowa,3,63,571000,9063,Bez pośredników,ponad miesiąc temu,8,https://adresowo.pl/o/mieszkanie-szczecin-bukowe-ul-pomaranczowa-3-pokojowe-k6u9y5,https://s2.adresowa.pl/oi/2e/79/397392_596c_cover-3-pokojowe-mieszkanie-szczecin-bukowe-ul-pomaranczowa.jpg
Szczecin Centrum,,2,47,619000,13170,Bez pośredników,ponad miesiąc temu,8,https://adresowo.pl/o/mieszkanie-szczecin-centrum-2-pokojowe-47-m2-m5u6i0,https://s2.adresowa.pl/oi/5d/1e/397196_d6c4_cover-2-pokojowe-mieszkanie-szczecin-centrum.jpg
Szczecin,ul. Legnicka,2,45,399000,8867,Oferta biura nieruchomości,ponad miesiąc temu,20,https://adresowo.pl/o/mieszkanie-szczecin-ul-legnicka-2-pokojowe-q2q1j1,https://s2.adresowa.pl/oi/5d/4c/3831d6_f658_cover-2-pokojowe-mieszkanie-szczecin-ul-legnicka.jpg
Szczecin Śródmieście,al. Wyzwolenia,1,26,309000,12103,Oferta biura nieruchomości,ponad miesiąc temu,11,https://adresowo.pl/o/mieszkanie-szczecin-srodmiescie-al-wyzwolenia-1-pokoj-h3t5g2,https://s2.adresowa.pl/oi/41/27/3831c6_6663_cover-1-pokojowe-mieszkanie-szczecin-srodmiescie-al-wyzwolenia.jpg
Szczecin Centrum,,3,55,720000,13091,Bez pośredników,ponad miesiąc temu,8,https://adresowo.pl/o/mieszkanie-szczecin-centrum-3-pokojowe-55-m2-o3k4f0,https://s2.adresowa.pl/oi/69/42/39718c_4507_cover-3-pokojowe-mieszkanie-szczecin-centrum.jpg
Szczecin Golęcino,ul. Światowida,3,129,680000,5271,Bez pośredników,ponad miesiąc temu,19,https://adresowo.pl/o/mieszkanie-szczecin-golecino-ul-swiatowida-3-pokojowe-r9x2b8,https://s2.adresowa.pl/oi/55/6e/396f36_66cc_cover-3-pokojowe-mieszkanie-szczecin-golecino-ul-swiatowida.jpg
Szczecin Gumieńce,ul. Ostrobramska,5,115,1190000,10348,Bez pośredników,ponad miesiąc temu,20,https://adresowo.pl/o/mieszkanie-szczecin-gumience-ul-ostrobramska-5-pokojowe-u2l5q7,https://s2.adresowa.pl/oi/31/64/396ae8_d49d_cover-5-pokojowe-mieszkanie-szczecin-gumience-ul-ostrobramska.jpg
Szczecin Podjuchy,ul. Ruda,4,91,949000,10373,Oferta biura nieruchomości,ponad miesiąc temu,26,https://adresowo.pl/o/mieszkanie-szczecin-podjuchy-ul-ruda-4-pokojowe-d9e3o7,https://s2.adresowa.pl/oi/60/47/3831b8_eb65_cover-4-pokojowe-mieszkanie-szczecin-podjuchy-ul-ruda.jpg
Szczecin Niebuszewo,ul. Łucznicza,2,36,449900,12428,Oferta biura nieruchomości,ponad miesiąc temu,17,https://adresowo.pl/o/mieszkanie-szczecin-niebuszewo-ul-lucznicza-2-pokojowe-f3k1u7,https://s2.adresowa.pl/oi/74/16/381d12_2dda_cover-2-pokojowe-mieszkanie-szczecin-niebuszewo-ul-lucznicza.jpg
Szczecin Bukowe,ul. Seledynowa,3,63,679000,10761,Bez pośredników,ponad miesiąc temu,10,https://adresowo.pl/o/mieszkanie-szczecin-bukowe-ul-seledynowa-3-pokojowe-p8x0r6,https://s2.adresowa.pl/oi/1b/7a/3965e6_f137_cover-3-pokojowe-mieszkanie-szczecin-bukowe-ul-seledynowa.jpg
Szczecin Niebuszewo,ul. Kazimierza Królewicza,1,23,310000,13288,Bez pośredników,ponad miesiąc temu,8,https://adresowo.pl/o/mieszkanie-szczecin-niebuszewo-ul-kazimierza-krolewicza-1-pokoj-y5u6x3,https://s2.adresowa.pl/oi/1f/54/3965ac_7663_cover-1-pokojowe-mieszkanie-szczecin-niebuszewo-ul-kazimierza-krolewicza.jpg
Szczecin Centrum,pl. Lotników,1,27,270000,10000,Bez pośredników,ponad miesiąc temu,8,https://adresowo.pl/o/mieszkanie-szczecin-centrum-pl-lotnikow-1-pokoj-k9a0p7,https://s2.adresowa.pl/oi/72/52/395fce_2bb9_cover-1-pokojowe-mieszkanie-szczecin-centrum-pl-lotnikow.jpg
Szczecin,,3,58,619000,10607,Oferta biura nieruchomości,ponad miesiąc temu,13,https://adresowo.pl/o/mieszkanie-szczecin-3-pokojowe-58-m2-y9w2a4,https://s2.adresowa.pl/oi/25/1b/380150_dbcf_cover-3-pokojowe-mieszkanie-szczecin.jpg
Szczecin Centrum,,1,30,571144,18800,Oferta biura nieruchomości,ponad miesiąc temu,1,https://adresowo.pl/o/mieszkanie-szczecin-centrum-1-pokoj-30-m2-q2i8g3,https://s2.adresowa.pl/oi/29/79/37ed2e_6838_cover-1-pokojowe-mieszkanie-szczecin-centrum.jpg
Szczecin Centrum,al. Wyzwolenia,1,25,310000,12400,Bez pośredników,ponad miesiąc temu,11,https://adresowo.pl/o/mieszkanie-szczecin-centrum-al-wyzwolenia-1-pokoj-k7g8s0,https://s2.adresowa.pl/oi/76/20/395ae0_a80a_cover-1-pokojowe-mieszkanie-szczecin-centrum-al-wyzwolenia.jpg
Szczecin Centrum,pl. Grunwaldzki,2,32,380000,11875,Bez pośredników,ponad miesiąc temu,8,https://adresowo.pl/o/mieszkanie-szczecin-centrum-pl-grunwaldzki-2-pokojowe-n0o6p6,https://s2.adresowa.pl/oi/11/63/395860_9c9e_cover-2-pokojowe-mieszkanie-szczecin-centrum-pl-grunwaldzki.jpg
Szczecin Centrum,ul. św. Wojciecha,2,35,430000,12286,Bez pośredników,ponad miesiąc temu,18,https://adresowo.pl/o/mieszkanie-szczecin-centrum-ul-sw-wojciecha-2-pokojowe-m0a5b0,https://s2.adresowa.pl/oi/67/45/3957de_b675_cover-2-pokojowe-mieszkanie-szczecin-centrum-ul-sw-wojciecha.jpg
Szczecin,ul. 26 Kwietnia,3,58,549000,9548,Oferta biura nieruchomości,ponad miesiąc temu,46,https://adresowo.pl/o/mieszkanie-szczecin-ul-26-kwietnia-3-pokojowe-v7z5k1,https://s2.adresowa.pl/oi/6a/32/37ed1e_de14_cover-3-pokojowe-mieszkanie-szczecin-ul-26-kwietnia.jpg
Szczecin Centrum,,2,50,827475,16500,Oferta biura nieruchomości,ponad miesiąc temu,1,https://adresowo.pl/o/mieszkanie-szczecin-centrum-2-pokojowe-50-m2-y0k8n3,https://s2.adresowa.pl/oi/32/49/37ed20_a2fe_cover-2-pokojowe-mieszkanie-szczecin-centrum.jpg
Szczecin Bukowe,ul. Romantyczna,4,74,850000,11502,Bez pośredników,ponad miesiąc temu,20,https://adresowo.pl/o/mieszkanie-szczecin-bukowe-ul-romantyczna-4-pokojowe-a2c8b6,https://s2.adresowa.pl/oi/4a/19/3955da_89e6_cover-4-pokojowe-mieszkanie-szczecin-bukowe-ul-romantyczna.jpg
Szczecin Centrum,ul. Bohaterów Getta Warszawskiego,7,84,690000,8239,Bez pośredników,ponad miesiąc temu,12,https://adresowo.pl/o/mieszkanie-szczecin-centrum-ul-bohaterow-getta-warszawskiego-7-pokojowe-c8x2p3,https://s2.adresowa.pl/oi/1e/13/394aa2_bed4_cover-7-pokojowe-mieszkanie-szczecin-centrum-ul-bohaterow-getta-warszawskiego.jpg
Szczecin Śródmieście,ul. ks. Jana Długosza,3,60,450000,7483,Bez pośredników,ponad miesiąc temu,8,https://adresowo.pl/o/mieszkanie-szczecin-srodmiescie-ul-ks-jana-dlugosza-3-pokojowe-d5j2a5,https://s2.adresowa.pl/oi/26/1c/39499c_639b_cover-3-pokojowe-mieszkanie-szczecin-srodmiescie-ul-ks-jana-dlugosza.jpg
Szczecin Śródmieście,al. Wyzwolenia,1,34,270000,7941,Oferta biura nieruchomości,ponad miesiąc temu,49,https://adresowo.pl/o/mieszkanie-szczecin-srodmiescie-al-wyzwolenia-1-pokoj-q9z5k7,https://s2.adresowa.pl/oi/53/37/37ebf6_6617_cover-1-pokojowe-mieszkanie-szczecin-srodmiescie-al-wyzwolenia.jpg
Szczecin,ul. Majora Władysława Raginisa,3,64,799000,12479,Oferta biura nieruchomości,ponad miesiąc temu,14,https://adresowo.pl/o/mieszkanie-szczecin-ul-majora-wladyslawa-raginisa-3-pokojowe-y1y4f5,https://s2.adresowa.pl/oi/39/7b/37eaca_e15f_cover-3-pokojowe-mieszkanie-szczecin-ul-majora-wladyslawa-raginisa.jpg
Szczecin Śródmieście,ul. Herbowa,3,65,759000,11677,Bez pośredników,ponad miesiąc temu,9,https://adresowo.pl/o/mieszkanie-szczecin-srodmiescie-ul-herbowa-3-pokojowe-s7s3v5,https://s2.adresowa.pl/oi/12/36/394914_29e3_cover-3-pokojowe-mieszkanie-szczecin-srodmiescie-ul-herbowa.jpg
Szczecin Niebuszewo,ul. Czcibora,4,95,799000,8411,Bez pośredników,ponad miesiąc temu,17,https://adresowo.pl/o/mieszkanie-szczecin-niebuszewo-ul-czcibora-4-pokojowe-c7l0z7,https://s2.adresowa.pl/oi/7a/75/393072_9592_cover-4-pokojowe-mieszkanie-szczecin-niebuszewo-ul-czcibora.jpg
Szczecin Śródmieście,ul. Śląska,3,75,745000,9933,Bez pośredników,ponad miesiąc temu,13,https://adresowo.pl/o/mieszkanie-szczecin-srodmiescie-ul-slaska-3-pokojowe-o5x3p2,https://s2.adresowa.pl/oi/7f/27/394064_47f5_cover-3-pokojowe-mieszkanie-szczecin-srodmiescie-ul-slaska.jpg
Szczecin Centrum,ul. Jagiellońska,6,130,1050000,8077,Oferta biura nieruchomości,ponad miesiąc temu,14,https://adresowo.pl/o/mieszkanie-szczecin-centrum-ul-jagiellonska-6-pokojowe-z6v8d0,https://s2.adresowa.pl/oi/5d/56/37e642_a1e6_cover-6-pokojowe-mieszkanie-szczecin-centrum-ul-jagiellonska.jpg
Szczecin,ul. Władysława Łokietka,4,108,719000,6688,Oferta biura nieruchomości,ponad miesiąc temu,13,https://adresowo.pl/o/mieszkanie-szczecin-ul-wladyslawa-lokietka-4-pokojowe-m8e3a2,https://s2.adresowa.pl/oi/23/6e/37cea0_9980_cover-4-pokojowe-mieszkanie-szczecin-ul-wladyslawa-lokietka.jpg
Szczecin Gumieńce,ul. Polskich Marynarzy,4,81,929000,11469,Bez pośredników,ponad miesiąc temu,8,https://adresowo.pl/o/mieszkanie-szczecin-gumience-ul-polskich-marynarzy-4-pokojowe-o1u4t7,https://s2.adresowa.pl/oi/30/58/393b74_6d75_cover-4-pokojowe-mieszkanie-szczecin-gumience-ul-polskich-marynarzy.jpg
Szczecin Warszewo,ul. Jaworzynki,3,72,899000,12486,Bez pośredników,ponad miesiąc temu,8,https://adresowo.pl/o/mieszkanie-szczecin-warszewo-ul-jaworzynki-3-pokojowe-e1v4o4,https://s2.adresowa.pl/oi/1e/1f/39385a_b84f_cover-3-pokojowe-mieszkanie-szczecin-warszewo-ul-jaworzynki.jpg
Szczecin,ul. Kaszubska,2,48,400000,8333,Bez pośredników,ponad miesiąc temu,8,https://adresowo.pl/o/mieszkanie-szczecin-ul-kaszubska-2-pokojowe-t9u9q4,https://s2.adresowa.pl/oi/66/5f/3935ce_d33f_cover-2-pokojowe-mieszkanie-szczecin-ul-kaszubska.jpg
Szczecin Gumieńce,ul. gen. Stanisława Kopańskiego,3,73,799000,10996,Oferta biura nieruchomości,ponad miesiąc temu,19,https://adresowo.pl/o/mieszkanie-szczecin-gumience-ul-gen-stanislawa-kopanskiego-3-pokojowe-o3o6m3,https://s2.adresowa.pl/oi/4a/32/37cdee_b4a8_cover-3-pokojowe-mieszkanie-szczecin-gumience-ul-gen-stanislawa-kopanskiego.jpg
Szczecin Grabowo,ul. Parkowa,3,72,625000,8681,Oferta biura nieruchomości,ponad miesiąc temu,12,https://adresowo.pl/o/mieszkanie-szczecin-grabowo-ul-parkowa-3-pokojowe-g9w1w0,https://s2.adresowa.pl/oi/11/14/37cde6_75ea_cover-3-pokojowe-mieszkanie-szczecin-grabowo-ul-parkowa.jpg
Szczecin Warszewo,ul. Duńska,2,48,629000,13104,Bez pośredników,ponad miesiąc temu,8,https://adresowo.pl/o/mieszkanie-szczecin-warszewo-ul-dunska-2-pokojowe-u3g5v1,https://s2.adresowa.pl/oi/79/4a/39330a_79a3_cover-2-pokojowe-mieszkanie-szczecin-warszewo-ul-dunska.jpg
Szczecin Podjuchy,ul. Floriana Szarego,2,42,400000,9524,Bez pośredników,ponad miesiąc temu,6,https://adresowo.pl/o/mieszkanie-szczecin-podjuchy-ul-floriana-szarego-2-pokojowe-x3f6e5,https://s2.adresowa.pl/oi/5b/63/3932e2_5799_cover-2-pokojowe-mieszkanie-szczecin-podjuchy-ul-floriana-szarego.jpg
Szczecin Gumieńce,,2,48,570000,12000,Bez pośredników,ponad miesiąc temu,14,https://adresowo.pl/o/mieszkanie-szczecin-gumience-2-pokojowe-47-m2-u7a1c5,https://s2.adresowa.pl/oi/3c/62/392bf6_d9e3_cover-2-pokojowe-mieszkanie-szczecin-gumience.jpg
Szczecin Centrum,al. Wyzwolenia,3,63,1750000,27778,Oferta biura nieruchomości,ponad miesiąc temu,18,https://adresowo.pl/o/mieszkanie-szczecin-centrum-al-wyzwolenia-3-pokojowe-q4t6c8,https://s2.adresowa.pl/oi/6e/28/37cdda_58bc_cover-3-pokojowe-mieszkanie-szczecin-centrum-al-wyzwolenia.jpg
Szczecin Centrum,ul. Mieczysława Niedziałkowskiego,4,89,2550000,28652,Oferta biura nieruchomości,ponad miesiąc temu,21,https://adresowo.pl/o/mieszkanie-szczecin-centrum-ul-mieczyslawa-niedzialkowskiego-4-pokojowe-t4k8e9,https://s2.adresowa.pl/oi/71/2d/37cdca_c153_cover-4-pokojowe-mieszkanie-szczecin-centrum-ul-mieczyslawa-niedzialkowskiego.jpg
Szczecin Podjuchy,ul. Mariana Falskiego,3,67,658000,9865,Bez pośredników,ponad miesiąc temu,14,https://adresowo.pl/o/mieszkanie-szczecin-podjuchy-ul-mariana-falskiego-3-pokojowe-l6e2p7,https://s2.adresowa.pl/oi/43/1c/392230_9c76_cover-3-pokojowe-mieszkanie-szczecin-podjuchy-ul-mariana-falskiego.jpg
Szczecin Centrum,al. Papieża Jana Pawła II,1,28,349000,12464,Bez pośredników,ponad miesiąc temu,7,https://adresowo.pl/o/mieszkanie-szczecin-centrum-al-papieza-jana-pawla-ii-1-pokoj-y0e3v5,https://s2.adresowa.pl/oi/2b/51/391b80_df7c_cover-1-pokojowe-mieszkanie-szczecin-centrum-al-papieza-jana-pawla-ii.jpg
Szczecin Bukowe,ul. Fioletowa,2,50,489000,9839,Bez pośredników,ponad miesiąc temu,16,https://adresowo.pl/o/mieszkanie-szczecin-bukowe-ul-fioletowa-2-pokojowe-t3c7t1,https://s2.adresowa.pl/oi/65/4f/391856_b6e0_cover-2-pokojowe-mieszkanie-szczecin-bukowe-ul-fioletowa.jpg
Szczecin Śródmieście,,4,78,494000,6345,Oferta biura nieruchomości,ponad miesiąc temu,11,https://adresowo.pl/o/mieszkanie-szczecin-srodmiescie-4-pokojowe-77-m2-m6m8g3,https://s2.adresowa.pl/oi/70/30/37cdc4_9826_cover-4-pokojowe-mieszkanie-szczecin-srodmiescie.jpg
Szczecin Pomorzany,ul. Legnicka,2,49,429000,8845,Oferta biura nieruchomości,ponad miesiąc temu,10,https://adresowo.pl/o/mieszkanie-szczecin-pomorzany-ul-legnicka-2-pokojowe-v7q9x8,https://s2.adresowa.pl/oi/5b/3d/37cdc2_e601_cover-2-pokojowe-mieszkanie-szczecin-pomorzany-ul-legnicka.jpg
Szczecin Śródmieście,ul. Kazimierza Królewicza,2,36,429000,11917,Bez pośredników,ponad miesiąc temu,14,https://adresowo.pl/o/mieszkanie-szczecin-srodmiescie-ul-kazimierza-krolewicza-2-pokojowe-k7o7p7,https://s2.adresowa.pl/oi/5e/16/391764_f6a3_cover-2-pokojowe-mieszkanie-szczecin-srodmiescie-ul-kazimierza-krolewicza.jpg
Szczecin Dąbie,ul. Pomorska,2,47,470000,10000,Bez pośredników,ponad miesiąc temu,7,https://adresowo.pl/o/mieszkanie-szczecin-dabie-ul-pomorska-2-pokojowe-v1y8i5,https://s2.adresowa.pl/oi/6a/14/391492_87a3_cover-2-pokojowe-mieszkanie-szczecin-dabie-ul-pomorska.jpg
Szczecin Zdroje,ul. Grabowa,2,40,460000,11397,Bez pośredników,ponad miesiąc temu,7,https://adresowo.pl/o/mieszkanie-szczecin-zdroje-ul-grabowa-2-pokojowe-r5r5d6,https://s2.adresowa.pl/oi/58/2b/391164_ea09_cover-2-pokojowe-mieszkanie-szczecin-zdroje-ul-grabowa.jpg
Szczecin Niemierzyn,ul. Arkońska,3,64,630000,9816,Oferta biura nieruchomości,ponad miesiąc temu,11,https://adresowo.pl/o/mieszkanie-szczecin-niemierzyn-ul-arkonska-3-pokojowe-r4j0p3,https://s2.adresowa.pl/oi/58/2c/37cdb8_3246_cover-3-pokojowe-mieszkanie-szczecin-niemierzyn-ul-arkonska.jpg
Szczecin Niebuszewo,,2,46,364000,7913,Oferta biura nieruchomości,ponad miesiąc temu,5,https://adresowo.pl/o/mieszkanie-szczecin-niebuszewo-2-pokojowe-46-m2-z6g3x5,https://s2.adresowa.pl/oi/1c/7f/37cdb4_fc30_cover-2-pokojowe-mieszkanie-szczecin-niebuszewo.jpg
Szczecin Warszewo,ul. Maciejkowa,3,78,1050000,13415,Bez pośredników,ponad miesiąc temu,19,https://adresowo.pl/o/mieszkanie-szczecin-warszewo-ul-maciejkowa-3-pokojowe-v1t1c2,https://s2.adresowa.pl/oi/68/59/390f74_3fb8_cover-3-pokojowe-mieszkanie-szczecin-warszewo-ul-maciejkowa.jpg
Szczecin Centrum,al. Wyzwolenia,2,38,330000,8739,Bez pośredników,ponad miesiąc temu,6,https://adresowo.pl/o/mieszkanie-szczecin-centrum-al-wyzwolenia-2-pokojowe-a7m5f5,https://s2.adresowa.pl/oi/49/42/38fb64_79ac_cover-2-pokojowe-mieszkanie-szczecin-centrum-al-wyzwolenia.jpg
Szczecin Gumieńce,ul. Bronowicka,3,60,539500,8992,Bez pośredników,ponad miesiąc temu,11,https://adresowo.pl/o/mieszkanie-szczecin-gumience-ul-bronowicka-3-pokojowe-i5i0z4,https://s2.adresowa.pl/oi/37/77/390670_c89a_cover-3-pokojowe-mieszkanie-szczecin-gumience-ul-bronowicka.jpg
Szczecin Centrum,al. Wyzwolenia,1,35,600000,16954,Oferta biura nieruchomości,ponad miesiąc temu,9,https://adresowo.pl/o/mieszkanie-szczecin-centrum-al-wyzwolenia-1-pokoj-l4t0f1,https://s2.adresowa.pl/oi/3b/40/37cdb0_cde4_cover-1-pokojowe-mieszkanie-szczecin-centrum-al-wyzwolenia.jpg
Szczecin Grabowo,,3,58,539000,9293,Oferta biura nieruchomości,ponad miesiąc temu,9,https://adresowo.pl/o/mieszkanie-szczecin-grabowo-3-pokojowe-58-m2-d3r5c5,https://s2.adresowa.pl/oi/56/28/37cda2_e637_cover-3-pokojowe-mieszkanie-szczecin-grabowo.jpg
Szczecin Centrum,ul. Odzieżowa,3,48,495000,10313,Bez pośredników,ponad miesiąc temu,8,https://adresowo.pl/o/mieszkanie-szczecin-centrum-ul-odziezowa-3-pokojowe-m0n2q5,https://s2.adresowa.pl/oi/21/44/390646_99d3_cover-3-pokojowe-mieszkanie-szczecin-centrum-ul-odziezowa.jpg
Szczecin Pomorzany,ul. Budziszyńska,2,47,550000,11677,Bez pośredników,ponad miesiąc temu,20,https://adresowo.pl/o/mieszkanie-szczecin-pomorzany-ul-budziszynska-2-pokojowe-j8m6o1,https://s2.adresowa.pl/oi/4e/69/38fc8a_3c05_cover-2-pokojowe-mieszkanie-szczecin-pomorzany-ul-budziszynska.jpg
Szczecin Grabowo,ul. Rugiańska,2,38,419000,11173,Bez pośredników,ponad miesiąc temu,7,https://adresowo.pl/o/mieszkanie-szczecin-grabowo-ul-rugianska-2-pokojowe-h9b5x2,https://s2.adresowa.pl/oi/76/7b/38f7f0_d261_cover-2-pokojowe-mieszkanie-szczecin-grabowo-ul-rugianska.jpg
Szczecin Centrum,,2,38,445000,11711,Oferta biura nieruchomości,ponad miesiąc temu,10,https://adresowo.pl/o/mieszkanie-szczecin-centrum-2-pokojowe-38-m2-l1l0q8,https://s2.adresowa.pl/oi/3e/1b/37cda4_7949_cover-2-pokojowe-mieszkanie-szczecin-centrum.jpg
Szczecin Bukowo,,1,37,425000,11486,Oferta biura nieruchomości,ponad miesiąc temu,9,https://adresowo.pl/o/mieszkanie-szczecin-bukowo-1-pokoj-37-m2-t2o1n0,https://s2.adresowa.pl/oi/33/3a/37cd94_f276_cover-1-pokojowe-mieszkanie-szczecin-bukowo.jpg
Szczecin Bukowe,ul. Seledynowa,3,63,679000,10761,Bez pośredników,ponad miesiąc temu,10,https://adresowo.pl/o/mieszkanie-szczecin-bukowe-ul-seledynowa-3-pokojowe-p8x0r6,https://s2.adresowa.pl/oi/1b/7a/3965e6_f137_cover-3-pokojowe-mieszkanie-szczecin-bukowe-ul-seledynowa.jpg
Szczecin Turzyn,ul. Bolesława Śmiałego,4,134,1230500,9200,Bez pośredników,ponad miesiąc temu,12,https://adresowo.pl/o/mieszkanie-szczecin-turzyn-ul-boleslawa-smialego-4-pokojowe-w4r5u2,https://s2.adresowa.pl/oi/30/51/38f4f4_bd43_cover-4-pokojowe-mieszkanie-szczecin-turzyn-ul-boleslawa-smialego.jpg
Szczecin Śródmieście,ul. Rugiańska,4,64,584685,9150,Bez pośredników,ponad miesiąc temu,17,https://adresowo.pl/o/mieszkanie-szczecin-srodmiescie-ul-rugianska-4-pokojowe-j2i7m8,https://s2.adresowa.pl/oi/38/44/38e87c_e20d_cover-4-pokojowe-mieszkanie-szczecin-srodmiescie-ul-rugianska.jpg
,,,,,,Pośrednik,,,https://adresowo.pl/mieszkania/szczecin/centrum-U/,
Szczecin Niebuszewo,,3,65,740000,11385,Bez pośredników,ponad miesiąc temu,8,https://adresowo.pl/o/mieszkanie-szczecin-niebuszewo-3-pokojowe-65-m2-w1b8p7,https://s2.adresowa.pl/oi/35/3c/38d89a_c40f_cover-3-pokojowe-mieszkanie-szczecin-niebuszewo.jpg
,,,,,,Pośrednik,,,,
,,,,,,Pośrednik,,,,
Szczecin Centrum,,1,28,460000,16243,Oferta biura nieruchomości,ponad miesiąc temu,9,https://adresowo.pl/o/mieszkanie-szczecin-centrum-1-pokoj-28-m2-h5q5s7,https://s2.adresowa.pl/oi/53/29/37cd90_5378_cover-1-pokojowe-mieszkanie-szczecin-centrum.jpg
Szczecin Centrum,al. Papieża Jana Pawła II,2,43,475000,11021,Oferta biura nieruchomości,ponad miesiąc temu,11,https://adresowo.pl/o/mieszkanie-szczecin-centrum-al-papieza-jana-pawla-ii-2-pokojowe-d4x8q2,https://s2.adresowa.pl/oi/79/2c/37b500_d705_cover-2-pokojowe-mieszkanie-szczecin-centrum-al-papieza-jana-pawla-ii.jpg
Szczecin Dąbie,ul. Szybowcowa,3,67,699000,10408,Bez pośredników,ponad miesiąc temu,6,https://adresowo.pl/o/mieszkanie-szczecin-dabie-ul-szybowcowa-3-pokojowe-c9g9d6,https://s2.adresowa.pl/oi/38/77/38d7de_b444_cover-3-pokojowe-mieszkanie-szczecin-dabie-ul-szybowcowa.jpg
Szczecin Płonia,ul. Przyszłości,2,42,450000,10608,Bez pośredników,ponad miesiąc temu,10,https://adresowo.pl/o/mieszkanie-szczecin-plonia-ul-przyszlosci-2-pokojowe-w0p4w0,https://s2.adresowa.pl/oi/60/50/38cf9c_d8f7_cover-2-pokojowe-mieszkanie-szczecin-plonia-ul-przyszlosci.jpg
,,,,,,Pośrednik,,,,
,,,,,,Pośrednik,,,,
Szczecin Warszewo,ul. ks. bp. Władysława Bandurskiego,3,54,599000,11093,Bez pośredników,ponad miesiąc temu,21,https://adresowo.pl/o/mieszkanie-szczecin-warszewo-ul-ks-bp-wladyslawa-bandurskiego-3-pokojowe-u6h6t9,https://s2.adresowa.pl/oi/2c/72/38cf4e_fff3_cover-3-pokojowe-mieszkanie-szczecin-warszewo-ul-ks-bp-wladyslawa-bandurskiego.jpg
Szczecin Centrum,ul. Ofiar Oświęcimia,1,30,299000,10122,Oferta biura nieruchomości,ponad miesiąc temu,7,https://adresowo.pl/o/mieszkanie-szczecin-centrum-ul-ofiar-oswiecimia-1-pokoj-t5f4s2,https://s2.adresowa.pl/oi/22/55/37a486_6d9e_cover-1-pokojowe-mieszkanie-szczecin-centrum-ul-ofiar-oswiecimia.jpg
Szczecin Turzyn,ul. ks. Piotra Ściegiennego,3,64,498000,7793,Oferta biura nieruchomości,ponad miesiąc temu,7,https://adresowo.pl/o/mieszkanie-szczecin-turzyn-ul-ks-piotra-sciegiennego-3-pokojowe-h2m1k4,https://s2.adresowa.pl/oi/11/22/379aa8_ac6e_cover-3-pokojowe-mieszkanie-szczecin-turzyn-ul-ks-piotra-sciegiennego.jpg
Szczecin Majowe,ul. Jerzego Andrzejewskiego,1,33,360000,10876,Bez pośredników,ponad miesiąc temu,11,https://adresowo.pl/o/mieszkanie-szczecin-majowe-ul-jerzego-andrzejewskiego-1-pokoj-k3p4l9,https://s2.adresowa.pl/oi/1f/7b/38cd1a_44f4_cover-1-pokojowe-mieszkanie-szczecin-majowe-ul-jerzego-andrzejewskiego.jpg
,,,,,,Pośrednik,,,,
,,,,,,Pośrednik,,,,
Szczecin Niebuszewo,ul. Juliana Ursyna Niemcewicza,1,32,345000,10781,Bez pośredników,ponad miesiąc temu,19,https://adresowo.pl/o/mieszkanie-szczecin-niebuszewo-ul-juliana-ursyna-niemcewicza-1-pokoj-m7d5k0,https://s2.adresowa.pl/oi/32/71/38cbfc_618d_cover-1-pokojowe-mieszkanie-szczecin-niebuszewo-ul-juliana-ursyna-niemcewicza.jpg
Szczecin Śródmieście,ul. Mieczysława Niedziałkowskiego,2,53,896541,16855,Bez pośredników,ponad miesiąc temu,7,https://adresowo.pl/o/mieszkanie-szczecin-srodmiescie-ul-mieczyslawa-niedzialkowskiego-2-pokojowe-v7t6h3,https://s2.adresowa.pl/oi/22/71/38cbf6_2a46_cover-2-pokojowe-mieszkanie-szczecin-srodmiescie-ul-mieczyslawa-niedzialkowskiego.jpg
Szczecin,ul. Jagiellońska,3,118,605000,5127,Oferta biura nieruchomości,ponad miesiąc temu,15,https://adresowo.pl/o/mieszkanie-szczecin-ul-jagiellonska-3-pokojowe-j9r1y2,https://s2.adresowa.pl/oi/60/66/378cfa_6984_cover-3-pokojowe-mieszkanie-szczecin-ul-jagiellonska.jpg
Szczecin,ul. Bolesława Śmiałego,2,48,439000,9108,Oferta biura nieruchomości,ponad miesiąc temu,11,https://adresowo.pl/o/mieszkanie-szczecin-ul-boleslawa-smialego-2-pokojowe-u9e8b8,https://s2.adresowa.pl/oi/75/17/375f12_5ee1_cover-2-pokojowe-mieszkanie-szczecin-ul-boleslawa-smialego.jpg
Szczecin Majowe,ul. Kazimierza Wierzyńskiego,2,50,489000,9827,Bez pośredników,ponad miesiąc temu,20,https://adresowo.pl/o/mieszkanie-szczecin-majowe-ul-kazimierza-wierzynskiego-2-pokojowe-d3j8a9,https://s2.adresowa.pl/oi/7d/13/38cb4a_f934_cover-2-pokojowe-mieszkanie-szczecin-majowe-ul-kazimierza-wierzynskiego.jpg
,,,,,,Pośrednik,,,,
,,,,,,Pośrednik,,,,
Szczecin Gumieńce,ul. Bronowicka,2,49,435000,8861,Bez pośredników,ponad miesiąc temu,8,https://adresowo.pl/o/mieszkanie-szczecin-gumience-ul-bronowicka-2-pokojowe-t6c8j5,https://s2.adresowa.pl/oi/65/65/38c1ec_5e13_cover-2-pokojowe-mieszkanie-szczecin-gumience-ul-bronowicka.jpg
Szczecin Gumieńce,,2,30,300000,10000,Bez pośredników,ponad miesiąc temu,8,https://adresowo.pl/o/mieszkanie-szczecin-gumience-2-pokojowe-30-m2-s0o0b9,https://s2.adresowa.pl/oi/21/5f/38c17e_7b7f_cover-2-pokojowe-mieszkanie-szczecin-gumience.jpg
Szczecin Bukowe,,1,35,404900,11569,Oferta biura nieruchomości,ponad miesiąc temu,10,https://adresowo.pl/o/mieszkanie-szczecin-bukowe-1-pokoj-35-m2-b0t6r8,https://s2.adresowa.pl/oi/69/26/3737cc_e4ee_cover-1-pokojowe-mieszkanie-szczecin-bukowe.jpg
Szczecin Centrum,ul. Ofiar Oświęcimia,2,36,395000,11096,Oferta biura nieruchomości,ponad miesiąc temu,14,https://adresowo.pl/o/mieszkanie-szczecin-centrum-ul-ofiar-oswiecimia-2-pokojowe-f3b6r5,https://s2.adresowa.pl/oi/3f/3c/36dc80_99a2_cover-2-pokojowe-mieszkanie-szczecin-centrum-ul-ofiar-oswiecimia.jpg
Szczecin Centrum,ul. Władysława Łokietka,2,63,495000,7857,Bez pośredników,ponad miesiąc temu,9,https://adresowo.pl/o/mieszkanie-szczecin-centrum-ul-wladyslawa-lokietka-2-pokojowe-p6o1j9,https://s2.adresowa.pl/oi/7c/40/38c010_2eea_cover-2-pokojowe-mieszkanie-szczecin-centrum-ul-wladyslawa-lokietka.jpg
,,,,,,Pośrednik,,,,
,,,,,,Pośrednik,,,,
Szczecin Centrum,ul. bł. Królowej Jadwigi,2,42,420000,10000,Bez pośredników,ponad miesiąc temu,12,https://adresowo.pl/o/mieszkanie-szczecin-centrum-ul-bl-krolowej-jadwigi-2-pokojowe-m1n9h9,https://s2.adresowa.pl/oi/38/47/38af5c_fb0b_cover-2-pokojowe-mieszkanie-szczecin-centrum-ul-bl-krolowej-jadwigi.jpg
Szczecin Centrum,ul. Wielkopolska,2,34,415000,12253,Bez pośredników,ponad miesiąc temu,15,https://adresowo.pl/o/mieszkanie-szczecin-centrum-ul-wielkopolska-2-pokojowe-f2y9o9,https://s2.adresowa.pl/oi/5e/77/38ab48_fcaf_cover-2-pokojowe-mieszkanie-szczecin-centrum-ul-wielkopolska.jpg
Szczecin,ul. ks. Jana Długosza,3,104,499999,4808,Oferta biura nieruchomości,ponad miesiąc temu,12,https://adresowo.pl/o/mieszkanie-szczecin-ul-ks-jana-dlugosza-3-pokojowe-i8u6z2,https://s2.adresowa.pl/oi/5a/58/36b3ec_ebe2_cover-3-pokojowe-mieszkanie-szczecin-ul-ks-jana-dlugosza.jpg
Szczecin Stare Miasto,ul. Kapitańska,2,68,625000,9228,Oferta biura nieruchomości,ponad miesiąc temu,9,https://adresowo.pl/o/mieszkanie-szczecin-stare-miasto-ul-kapitanska-2-pokojowe-z8d4d7,https://s2.adresowa.pl/oi/73/15/36aefc_8ea7_cover-2-pokojowe-mieszkanie-szczecin-stare-miasto-ul-kapitanska.jpg
Szczecin Niebuszewo,ul. Zygmunta Krasińskiego,2,50,445000,8972,Bez pośredników,ponad miesiąc temu,13,https://adresowo.pl/o/mieszkanie-szczecin-niebuszewo-ul-zygmunta-krasinskiego-2-pokojowe-a0y3m4,https://s2.adresowa.pl/oi/31/7c/38a2a0_6514_cover-2-pokojowe-mieszkanie-szczecin-niebuszewo-ul-zygmunta-krasinskiego.jpg
Szczecin Śródmieście,al. Piastów,3,45,465000,10414,Bez pośredników,ponad miesiąc temu,15,https://adresowo.pl/o/mieszkanie-szczecin-srodmiescie-al-piastow-3-pokojowe-v4a0r8,https://s2.adresowa.pl/oi/18/5b/389eec_4f1d_cover-3-pokojowe-mieszkanie-szczecin-srodmiescie-al-piastow.jpg
,,,,,,Pośrednik,,,,
,,,,,,Pośrednik,,,,
Szczecin,ul. prof. Krzysztofa Marlicza,2,42,395000,9405,Bez pośredników,ponad miesiąc temu,3,https://adresowo.pl/o/mieszkanie-szczecin-ul-prof-krzysztofa-marlicza-2-pokojowe-x4h9s6,https://s2.adresowa.pl/oi/41/53/389e7e_ed1a_cover-2-pokojowe-mieszkanie-szczecin-ul-prof-krzysztofa-marlicza.jpg
Szczecin Śródmieście,ul. 5 Lipca,4,70,625000,8993,Oferta biura nieruchomości,ponad miesiąc temu,48,https://adresowo.pl/o/mieszkanie-szczecin-srodmiescie-ul-5-lipca-4-pokojowe-e6o9l6,https://s2.adresowa.pl/oi/43/26/36429c_36db_cover-4-pokojowe-mieszkanie-szczecin-srodmiescie-ul-5-lipca.jpg
Szczecin Centrum,ul. Czesława,3,70,529000,7557,Oferta biura nieruchomości,ponad miesiąc temu,14,https://adresowo.pl/o/mieszkanie-szczecin-centrum-ul-czeslawa-3-pokojowe-s7z1k7,https://s2.adresowa.pl/oi/19/17/3605bc_2a6f_cover-3-pokojowe-mieszkanie-szczecin-centrum-ul-czeslawa.jpg
Szczecin Centrum,,2,52,509000,9845,Bez pośredników,ponad miesiąc temu,10,https://adresowo.pl/o/mieszkanie-szczecin-centrum-2-pokojowe-51-m2-h2w4h8,https://s2.adresowa.pl/oi/27/43/389dba_b331_cover-2-pokojowe-mieszkanie-szczecin-centrum.jpg
Szczecin Warszewo,ul. Czeska,3,72,770000,10745,Bez pośredników,ponad miesiąc temu,17,https://adresowo.pl/o/mieszkanie-szczecin-warszewo-ul-czeska-3-pokojowe-v7p3b9,https://s2.adresowa.pl/oi/2b/51/389c2e_31f0_cover-3-pokojowe-mieszkanie-szczecin-warszewo-ul-czeska.jpg
Szczecin Śródmieście,al. Wojska Polskiego,3,96,690000,7188,Bez pośredników,ponad miesiąc temu,13,https://adresowo.pl/o/mieszkanie-szczecin-srodmiescie-al-wojska-polskiego-3-pokojowe-d6h7g2,https://s2.adresowa.pl/oi/67/4f/3895aa_675c_cover-3-pokojowe-mieszkanie-szczecin-srodmiescie-al-wojska-polskiego.jpg
,,,,,,Pośrednik,,,,
,,,,,,Pośrednik,,,,
Szczecin Niebuszewo,ul. Juliana Ursyna Niemcewicza,2,49,380000,7714,Oferta biura nieruchomości,ponad miesiąc temu,29,https://adresowo.pl/o/mieszkanie-szczecin-niebuszewo-ul-juliana-ursyna-niemcewicza-2-pokojowe-s0c1y3,https://s2.adresowa.pl/oi/64/6b/354cf4_c164_cover-2-pokojowe-mieszkanie-szczecin-niebuszewo-ul-juliana-ursyna-niemcewicza.jpg
Szczecin Niebuszewo,,3,56,739000,13196,Oferta biura nieruchomości,ponad miesiąc temu,12,https://adresowo.pl/o/mieszkanie-szczecin-niebuszewo-3-pokojowe-56-m2-x4x5n8,https://s2.adresowa.pl/oi/25/4a/35379a_ab55_cover-3-pokojowe-mieszkanie-szczecin-niebuszewo.jpg
Szczecin Śródmieście,ul. Pocztowa,3,96,570000,5962,Bez pośredników,ponad miesiąc temu,12,https://adresowo.pl/o/mieszkanie-szczecin-srodmiescie-ul-pocztowa-3-pokojowe-o6a3e9,https://s2.adresowa.pl/oi/23/2d/389490_3210_cover-3-pokojowe-mieszkanie-szczecin-srodmiescie-ul-pocztowa.jpg
Szczecin Centrum,ul. marsz. Józefa Piłsudskiego,3,60,649000,10817,Bez pośredników,ponad miesiąc temu,6,https://adresowo.pl/o/mieszkanie-szczecin-centrum-ul-marsz-jozefa-pilsudskiego-3-pokojowe-z9d3v7,https://s2.adresowa.pl/oi/4c/47/3885cc_409b_cover-3-pokojowe-mieszkanie-szczecin-centrum-ul-marsz-jozefa-pilsudskiego.jpg
Szczecin Centrum,ul. Leona Heyki,2,49,609000,12531,Bez pośredników,ponad miesiąc temu,5,https://adresowo.pl/o/mieszkanie-szczecin-centrum-ul-leona-heyki-2-pokojowe-d0r8u5,https://s2.adresowa.pl/oi/49/74/387eb4_f9a7_cover-2-pokojowe-mieszkanie-szczecin-centrum-ul-leona-heyki.jpg
Szczecin Centrum,ul. Józefa Bema,3,64,479000,7454,Oferta biura nieruchomości,ponad miesiąc temu,15,https://adresowo.pl/o/mieszkanie-szczecin-centrum-ul-jozefa-bema-3-pokojowe-u1d1o4,https://s2.adresowa.pl/oi/7c/43/352fba_b734_cover-3-pokojowe-mieszkanie-szczecin-centrum-ul-jozefa-bema.jpg
Szczecin Centrum,,3,67,549000,8194,Oferta biura nieruchomości,ponad miesiąc temu,8,https://adresowo.pl/o/mieszkanie-szczecin-centrum-3-pokojowe-67-m2-m9p3p5,https://s2.adresowa.pl/oi/40/7d/351334_f058_cover-3-pokojowe-mieszkanie-szczecin-centrum.jpg
Szczecin Bukowe,ul. Akwarelowa,3,73,665000,9110,Bez pośredników,ponad miesiąc temu,11,https://adresowo.pl/o/mieszkanie-szczecin-bukowe-ul-akwarelowa-3-pokojowe-o9m0r7,https://s2.adresowa.pl/oi/26/3e/387d48_8246_cover-3-pokojowe-mieszkanie-szczecin-bukowe-ul-akwarelowa.jpg
Szczecin Gumieńce,ul. Gorzowska,3,80,950000,11875,Bez pośredników,ponad miesiąc temu,1,https://adresowo.pl/o/mieszkanie-szczecin-gumience-ul-gorzowska-3-pokojowe-r1y5v4,https://s2.adresowa.pl/oi/53/3d/387c8a_be19_cover-3-pokojowe-mieszkanie-szczecin-gumience-ul-gorzowska.jpg
Szczecin Centrum,ul. Jana Matejki,2,48,580000,12198,Bez pośredników,ponad miesiąc temu,12,https://adresowo.pl/o/mieszkanie-szczecin-centrum-ul-jana-matejki-2-pokojowe-d9n9q1,https://s2.adresowa.pl/oi/3d/15/387bf2_57da_cover-2-pokojowe-mieszkanie-szczecin-centrum-ul-jana-matejki.jpg
Szczecin Pomorzany,,2,37,453900,12268,Oferta biura nieruchomości,ponad miesiąc temu,8,https://adresowo.pl/o/mieszkanie-szczecin-pomorzany-2-pokojowe-37-m2-u2y7c5,https://s2.adresowa.pl/oi/79/6a/326144_7737_cover-2-pokojowe-mieszkanie-szczecin-pomorzany.jpg
Szczecin Centrum,al. Wyzwolenia,2,35,385000,11159,Oferta biura nieruchomości,ponad miesiąc temu,35,https://adresowo.pl/o/mieszkanie-szczecin-centrum-al-wyzwolenia-2-pokojowe-r0i3k8,https://s2.adresowa.pl/oi/41/5d/3084e2_46f4_cover-2-pokojowe-mieszkanie-szczecin-centrum-al-wyzwolenia.jpg
Szczecin Bukowo,,3,63,690000,10952,Bez pośredników,ponad miesiąc temu,8,https://adresowo.pl/o/mieszkanie-szczecin-bukowo-3-pokojowe-63-m2-p0h1m4,https://s2.adresowa.pl/oi/70/6c/3868c6_628d_cover-3-pokojowe-mieszkanie-szczecin-bukowo.jpg
Szczecin Centrum,ul. Pocztowa,2,56,499000,8892,Bez pośredników,ponad miesiąc temu,15,https://adresowo.pl/o/mieszkanie-szczecin-centrum-ul-pocztowa-2-pokojowe-t3j8x6,https://s2.adresowa.pl/oi/77/65/38653a_fb16_cover-2-pokojowe-mieszkanie-szczecin-centrum-ul-pocztowa.jpg
Szczecin Centrum,,1,48,489000,10286,Bez pośredników,ponad miesiąc temu,11,https://adresowo.pl/o/mieszkanie-szczecin-centrum-1-pokoj-47-m2-g1t9p1,https://s2.adresowa.pl/oi/26/5c/385f70_de43_cover-1-pokojowe-mieszkanie-szczecin-centrum.jpg
Szczecin Majowe,,2,49,558500,11352,Oferta biura nieruchomości,ponad miesiąc temu,13,https://adresowo.pl/o/mieszkanie-szczecin-majowe-2-pokojowe-49-m2-s8j7l9,https://s2.adresowa.pl/oi/40/4b/2f5a54_8c99_cover-2-pokojowe-mieszkanie-szczecin-majowe.jpg
Szczecin Centrum,ul. Stanisława Herakliusza Lubomirskiego,3,64,599990,9375,Oferta biura nieruchomości,ponad miesiąc temu,8,https://adresowo.pl/o/mieszkanie-szczecin-centrum-ul-stanislawa-herakliusza-lubomirskiego-3-pokojowe-b2l3y9,https://s2.adresowa.pl/oi/38/23/2e6d04_e115_cover-3-pokojowe-mieszkanie-szczecin-centrum-ul-stanislawa-herakliusza-lubomirskiego.jpg
Szczecin Świerczewo,ul. Antoniego Kaliny,1,30,349000,11480,Bez pośredników,ponad miesiąc temu,9,https://adresowo.pl/o/mieszkanie-szczecin-swierczewo-ul-antoniego-kaliny-1-pokoj-f4c9c8,https://s2.adresowa.pl/oi/12/7b/3855aa_2e9c_cover-1-pokojowe-mieszkanie-szczecin-swierczewo-ul-antoniego-kaliny.jpg
Szczecin Zdroje,,4,78,720000,9231,Bez pośredników,ponad miesiąc temu,8,https://adresowo.pl/o/mieszkanie-szczecin-zdroje-4-pokojowe-78-m2-e6y7a7,https://s2.adresowa.pl/oi/14/26/384c26_9eec_cover-4-pokojowe-mieszkanie-szczecin-zdroje.jpg
Szczecin Gumieńce,ul. Polskich Marynarzy,5,98,879000,8969,Bez pośredników,ponad miesiąc temu,12,https://adresowo.pl/o/mieszkanie-szczecin-gumience-ul-polskich-marynarzy-5-pokojowe-b4d7x2,https://s2.adresowa.pl/oi/1f/35/3842ee_caac_cover-5-pokojowe-mieszkanie-szczecin-gumience-ul-polskich-marynarzy.jpg
Szczecin Centrum,,1,15,113000,7533,Oferta biura nieruchomości,ponad miesiąc temu,5,https://adresowo.pl/o/mieszkanie-szczecin-centrum-1-pokoj-15-m2-i7n1z7,https://s2.adresowa.pl/oi/39/3b/2e6cd2_859a_cover-1-pokojowe-mieszkanie-szczecin-centrum.jpg
Szczecin Warszewo,,1,30,369990,12251,Oferta biura nieruchomości,ponad miesiąc temu,5,https://adresowo.pl/o/mieszkanie-szczecin-warszewo-1-pokoj-30-m2-m2k3s3,https://s2.adresowa.pl/oi/5e/6c/2e6cb6_e560_cover-1-pokojowe-mieszkanie-szczecin-warszewo.jpg
Szczecin Turzyn,ul. Kazimierza Pułaskiego,2,43,369000,8581,Bez pośredników,ponad miesiąc temu,8,https://adresowo.pl/o/mieszkanie-szczecin-turzyn-ul-kazimierza-pulaskiego-2-pokojowe-b2k0m5,https://s2.adresowa.pl/oi/3d/70/383ab2_60a0_cover-2-pokojowe-mieszkanie-szczecin-turzyn-ul-kazimierza-pulaskiego.jpg
Szczecin Centrum,al. Wyzwolenia,3,61,548000,8984,Bez pośredników,ponad miesiąc temu,17,https://adresowo.pl/o/mieszkanie-szczecin-centrum-al-wyzwolenia-3-pokojowe-z6o3y5,https://s2.adresowa.pl/oi/36/34/382fd0_8a87_cover-3-pokojowe-mieszkanie-szczecin-centrum-al-wyzwolenia.jpg
Szczecin Centrum,ul. Jagiellońska,6,80,495000,6188,Bez pośredników,ponad miesiąc temu,5,https://adresowo.pl/o/mieszkanie-szczecin-centrum-ul-jagiellonska-6-pokojowe-p0i6q1,https://s2.adresowa.pl/oi/79/2f/382a36_3e70_cover-6-pokojowe-mieszkanie-szczecin-centrum-ul-jagiellonska.jpg
Szczecin Dąbie,ul. Szybowcowa,2,43,599000,13946,Bez pośredników,ponad miesiąc temu,18,https://adresowo.pl/o/mieszkanie-szczecin-dabie-ul-szybowcowa-2-pokojowe-y8s0u2,https://s2.adresowa.pl/oi/3e/38/3822fc_e080_cover-2-pokojowe-mieszkanie-szczecin-dabie-ul-szybowcowa.jpg
Szczecin Dąbie,,4,101,720000,7111,Oferta biura nieruchomości,ponad miesiąc temu,15,https://adresowo.pl/o/mieszkanie-szczecin-dabie-4-pokojowe-101-m2-e4q9h7,https://s2.adresowa.pl/oi/52/6d/2ae5d0_d6a2_cover-4-pokojowe-mieszkanie-szczecin-dabie.jpg
Szczecin Żelechowa,ul. Ostrowska,4,70,850000,12143,Bez pośredników,ponad miesiąc temu,16,https://adresowo.pl/o/mieszkanie-szczecin-zelechowa-ul-ostrowska-4-pokojowe-g5j7z7,https://s2.adresowa.pl/oi/5b/35/381ca2_5b8b_cover-4-pokojowe-mieszkanie-szczecin-zelechowa-ul-ostrowska.jpg
Szczecin Pogodno,ul. Stanisława Noakowskiego,4,68,587000,8632,Bez pośredników,ponad miesiąc temu,23,https://adresowo.pl/o/mieszkanie-szczecin-pogodno-ul-stanislawa-noakowskiego-4-pokojowe-h7r7r2,https://s2.adresowa.pl/oi/5b/3c/3819ea_cc30_cover-4-pokojowe-mieszkanie-szczecin-pogodno-ul-stanislawa-noakowskiego.jpg
Szczecin Świerczewo,ul. 26 Kwietnia,2,44,469000,10659,Bez pośredników,ponad miesiąc temu,9,https://adresowo.pl/o/mieszkanie-szczecin-swierczewo-ul-26-kwietnia-2-pokojowe-g7g3u4,https://s2.adresowa.pl/oi/36/40/3819da_7a41_cover-2-pokojowe-mieszkanie-szczecin-swierczewo-ul-26-kwietnia.jpg
Szczecin Pomorzany,ul. Xawerego Dunikowskiego,2,45,480000,10601,Bez pośredników,ponad miesiąc temu,1,https://adresowo.pl/o/mieszkanie-szczecin-pomorzany-ul-xawerego-dunikowskiego-2-pokojowe-m5u0l8,https://s2.adresowa.pl/oi/2e/64/381840_dbe7_cover-2-pokojowe-mieszkanie-szczecin-pomorzany-ul-xawerego-dunikowskiego.jpg
Szczecin Śródmieście,al. Piastów,2,50,299000,5997,Bez pośredników,ponad miesiąc temu,7,https://adresowo.pl/o/mieszkanie-szczecin-srodmiescie-al-piastow-2-pokojowe-w0s5t9,https://s2.adresowa.pl/oi/33/10/38161a_8a5c_cover-2-pokojowe-mieszkanie-szczecin-srodmiescie-al-piastow.jpg
Szczecin Centrum,,2,59,1293820,22000,Bez pośredników,ponad miesiąc temu,11,https://adresowo.pl/o/mieszkanie-szczecin-centrum-2-pokojowe-58-m2-u9x3r0,https://s2.adresowa.pl/oi/22/7e/380914_f00e_cover-2-pokojowe-mieszkanie-szczecin-centrum.jpg
Szczecin Gumieńce,ul. gen. Stanisława Maczka,3,77,899000,11752,Bez pośredników,ponad miesiąc temu,17,https://adresowo.pl/o/mieszkanie-szczecin-gumience-ul-gen-stanislawa-maczka-3-pokojowe-r0h9j2,https://s2.adresowa.pl/oi/6b/3f/37fda4_acd5_cover-3-pokojowe-mieszkanie-szczecin-gumience-ul-gen-stanislawa-maczka.jpg
Szczecin Gumieńce,,3,57,559000,9807,Bez pośredników,ponad miesiąc temu,8,https://adresowo.pl/o/mieszkanie-szczecin-gumience-3-pokojowe-57-m2-o2r6j1,https://s2.adresowa.pl/oi/60/4a/37fbc4_4ad2_cover-3-pokojowe-mieszkanie-szczecin-gumience.jpg
Szczecin Świerczewo,ul. Santocka,3,60,540000,9000,Bez pośredników,ponad miesiąc temu,15,https://adresowo.pl/o/mieszkanie-szczecin-swierczewo-ul-santocka-3-pokojowe-h1c2a7,https://s2.adresowa.pl/oi/4e/23/37fa7e_353a_cover-3-pokojowe-mieszkanie-szczecin-swierczewo-ul-santocka.jpg
Szczecin Centrum,ul. Willowa,2,45,455000,10111,Bez pośredników,ponad miesiąc temu,8,https://adresowo.pl/o/mieszkanie-szczecin-centrum-ul-willowa-2-pokojowe-x2h2p5,https://s2.adresowa.pl/oi/66/35/37f460_3b12_cover-2-pokojowe-mieszkanie-szczecin-centrum-ul-willowa.jpg
Szczecin Gumieńce,,4,100,1200000,12000,Bez pośredników,ponad miesiąc temu,13,https://adresowo.pl/o/mieszkanie-szczecin-gumience-4-pokojowe-100-m2-l7r0b2,https://s2.adresowa.pl/oi/10/39/37e64c_d92f_cover-4-pokojowe-mieszkanie-szczecin-gumience.jpg
Szczecin Niebuszewo,ul. Boguchwały,2,46,339000,7370,Bez pośredników,ponad miesiąc temu,9,https://adresowo.pl/o/mieszkanie-szczecin-niebuszewo-ul-boguchwaly-2-pokojowe-i2w5q3,https://s2.adresowa.pl/oi/64/73/37e1d8_d544_cover-2-pokojowe-mieszkanie-szczecin-niebuszewo-ul-boguchwaly.jpg
Szczecin Pogodno,,2,42,485000,11548,Bez pośredników,ponad miesiąc temu,8,https://adresowo.pl/o/mieszkanie-szczecin-pogodno-2-pokojowe-42-m2-n2j0d0,https://s2.adresowa.pl/oi/1a/43/37ded0_f79f_cover-2-pokojowe-mieszkanie-szczecin-pogodno.jpg
Szczecin Płonia,,4,64,520000,8125,Bez pośredników,ponad miesiąc temu,6,https://adresowo.pl/o/mieszkanie-szczecin-plonia-4-pokojowe-64-m2-b2u3h9,https://s2.adresowa.pl/oi/7b/42/37d53a_e199_cover-4-pokojowe-mieszkanie-szczecin-plonia.jpg
Szczecin Śródmieście,ul. Śląska,1,23,420000,17964,Bez pośredników,ponad miesiąc temu,8,https://adresowo.pl/o/mieszkanie-szczecin-srodmiescie-ul-slaska-1-pokoj-r5m9w5,https://s2.adresowa.pl/oi/50/7c/37cfc6_9d66_cover-1-pokojowe-mieszkanie-szczecin-srodmiescie-ul-slaska.jpg
Szczecin Świerczewo,ul. Hieronima Derdowskiego,2,42,350000,8393,Bez pośredników,ponad miesiąc temu,12,https://adresowo.pl/o/mieszkanie-szczecin-swierczewo-ul-hieronima-derdowskiego-2-pokojowe-f4m4k0,https://s2.adresowa.pl/oi/5f/64/37c98e_aa34_cover-2-pokojowe-mieszkanie-szczecin-swierczewo-ul-hieronima-derdowskiego.jpg
Szczecin Łekno,al. Wojska Polskiego,4,76,599000,7882,Bez pośredników,ponad miesiąc temu,14,https://adresowo.pl/o/mieszkanie-szczecin-lekno-al-wojska-polskiego-4-pokojowe-d0l6q8,https://s2.adresowa.pl/oi/72/68/37bacc_fbb3_cover-4-pokojowe-mieszkanie-szczecin-lekno-al-wojska-polskiego.jpg
Szczecin Gumieńce,ul. Barbakan,2,51,670000,13137,Bez pośredników,ponad miesiąc temu,13,https://adresowo.pl/o/mieszkanie-szczecin-gumience-ul-barbakan-2-pokojowe-d3z8h3,https://s2.adresowa.pl/oi/58/7e/37a79c_a8a1_cover-2-pokojowe-mieszkanie-szczecin-gumience-ul-barbakan.jpg
Szczecin Centrum,ul. Adama Mickiewicza,2,50,675000,13438,Bez pośredników,ponad miesiąc temu,20,https://adresowo.pl/o/mieszkanie-szczecin-centrum-ul-adama-mickiewicza-2-pokojowe-q6w5v7,https://s2.adresowa.pl/oi/14/52/37a0f4_5311_cover-2-pokojowe-mieszkanie-szczecin-centrum-ul-adama-mickiewicza.jpg
Szczecin Gumieńce,ul. gen. Stanisława Maczka,2,51,500000,9901,Bez pośredników,ponad miesiąc temu,9,https://adresowo.pl/o/mieszkanie-szczecin-gumience-ul-gen-stanislawa-maczka-2-pokojowe-g8z2w0,https://s2.adresowa.pl/oi/46/59/379f2c_3427_cover-2-pokojowe-mieszkanie-szczecin-gumience-ul-gen-stanislawa-maczka.jpg
Szczecin Gumieńce,ul. Gorzowska,3,48,511000,10606,Bez pośredników,ponad miesiąc temu,17,https://adresowo.pl/o/mieszkanie-szczecin-gumience-ul-gorzowska-3-pokojowe-f0l8n8,https://s2.adresowa.pl/oi/22/47/379648_40c3_cover-3-pokojowe-mieszkanie-szczecin-gumience-ul-gorzowska.jpg
Szczecin Gumieńce,ul. Gorzowska,2,43,480000,11241,Bez pośredników,ponad miesiąc temu,26,https://adresowo.pl/o/mieszkanie-szczecin-gumience-ul-gorzowska-2-pokojowe-y8h2j5,https://s2.adresowa.pl/oi/7e/71/3795fa_a7c0_cover-2-pokojowe-mieszkanie-szczecin-gumience-ul-gorzowska.jpg
Szczecin Gumieńce,ul. Gorzowska,2,35,406580,11600,Bez pośredników,ponad miesiąc temu,16,https://adresowo.pl/o/mieszkanie-szczecin-gumience-ul-gorzowska-2-pokojowe-z3c3l8,https://s2.adresowa.pl/oi/11/2d/3795b4_9fa0_cover-2-pokojowe-mieszkanie-szczecin-gumience-ul-gorzowska.jpg
Szczecin Centrum,al. Papieża Jana Pawła II,3,65,583000,8969,Bez pośredników,ponad miesiąc temu,5,https://adresowo.pl/o/mieszkanie-szczecin-centrum-al-papieza-jana-pawla-ii-3-pokojowe-n0b2t3,https://s2.adresowa.pl/oi/14/47/379598_546a_cover-3-pokojowe-mieszkanie-szczecin-centrum-al-papieza-jana-pawla-ii.jpg
Szczecin Dąbie,ul. Emilii Gierczak,2,47,489000,10516,Bez pośredników,ponad miesiąc temu,7,https://adresowo.pl/o/mieszkanie-szczecin-dabie-ul-emilii-gierczak-2-pokojowe-v7d7o5,https://s2.adresowa.pl/oi/2a/40/3794e4_a5c4_cover-2-pokojowe-mieszkanie-szczecin-dabie-ul-emilii-gierczak.jpg
Szczecin Świerczewo,ul. Santocka,3,67,850000,12619,Bez pośredników,ponad miesiąc temu,15,https://adresowo.pl/o/mieszkanie-szczecin-swierczewo-ul-santocka-3-pokojowe-c9z1m8,https://s2.adresowa.pl/oi/6b/4e/37830e_722c_cover-3-pokojowe-mieszkanie-szczecin-swierczewo-ul-santocka.jpg
Szczecin Pomorzany,al. Powstańców Wielkopolskich,3,61,589000,9656,Bez pośredników,ponad miesiąc temu,1,https://adresowo.pl/o/mieszkanie-szczecin-pomorzany-al-powstancow-wielkopolskich-3-pokojowe-h9z8z5,https://s2.adresowa.pl/oi/4a/15/3781fe_5c27_cover-3-pokojowe-mieszkanie-szczecin-pomorzany-al-powstancow-wielkopolskich.jpg
Szczecin Niebuszewo,ul. ks. Hugona Kołłątaja,2,47,471000,10021,Bez pośredników,ponad miesiąc temu,18,https://adresowo.pl/o/mieszkanie-szczecin-niebuszewo-ul-ks-hugona-kollataja-2-pokojowe-u3i6w2,https://s2.adresowa.pl/oi/32/24/3761ee_587c_cover-2-pokojowe-mieszkanie-szczecin-niebuszewo-ul-ks-hugona-kollataja.jpg
Szczecin Centrum,ul. Szarotki,3,91,749000,8249,Bez pośredników,ponad miesiąc temu,12,https://adresowo.pl/o/mieszkanie-szczecin-centrum-ul-szarotki-3-pokojowe-e4w4p3,https://s2.adresowa.pl/oi/31/3a/376176_be09_cover-3-pokojowe-mieszkanie-szczecin-centrum-ul-szarotki.jpg
Szczecin Centrum,ul. Szarotki,3,77,669000,8688,Bez pośredników,ponad miesiąc temu,10,https://adresowo.pl/o/mieszkanie-szczecin-centrum-ul-szarotki-3-pokojowe-i8g0t3,https://s2.adresowa.pl/oi/5e/27/375926_b6f9_cover-3-pokojowe-mieszkanie-szczecin-centrum-ul-szarotki.jpg
Szczecin Centrum,ul. Śląska,3,43,420000,9767,Bez pośredników,ponad miesiąc temu,7,https://adresowo.pl/o/mieszkanie-szczecin-centrum-ul-slaska-3-pokojowe-f7j2v7,https://s2.adresowa.pl/oi/54/61/375436_fea1_cover-3-pokojowe-mieszkanie-szczecin-centrum-ul-slaska.jpg
Szczecin Świerczewo,ul. Piękna,3,45,400000,8889,Bez pośredników,ponad miesiąc temu,1,https://adresowo.pl/o/mieszkanie-szczecin-swierczewo-ul-piekna-3-pokojowe-l6n4m3,https://s2.adresowa.pl/oi/4b/38/375220_5205_cover-3-pokojowe-mieszkanie-szczecin-swierczewo-ul-piekna.jpg
Szczecin Gumieńce,ul. Polskich Marynarzy,3,101,1499000,14842,Bez pośredników,ponad miesiąc temu,18,https://adresowo.pl/o/mieszkanie-szczecin-gumience-ul-polskich-marynarzy-3-pokojowe-n7y1g6,https://s2.adresowa.pl/oi/39/5c/374230_f959_cover-3-pokojowe-mieszkanie-szczecin-gumience-ul-polskich-marynarzy.jpg
Szczecin Warszewo,ul. Małe Błonia,2,43,515000,11977,Bez pośredników,ponad miesiąc temu,8,https://adresowo.pl/o/mieszkanie-szczecin-warszewo-ul-male-blonia-2-pokojowe-e5g0j8,https://s2.adresowa.pl/oi/7c/18/37406e_ab6d_cover-2-pokojowe-mieszkanie-szczecin-warszewo-ul-male-blonia.jpg
Szczecin Podjuchy,ul. Krzemienna,2,52,550000,10577,Bez pośredników,ponad miesiąc temu,1,https://adresowo.pl/o/mieszkanie-szczecin-podjuchy-ul-krzemienna-2-pokojowe-z1z3m2,https://s2.adresowa.pl/oi/25/7b/373b38_e252_cover-2-pokojowe-mieszkanie-szczecin-podjuchy-ul-krzemienna.jpg
Szczecin Żelechowa,ul. Hoża,2,49,509000,10358,Bez pośredników,ponad miesiąc temu,12,https://adresowo.pl/o/mieszkanie-szczecin-zelechowa-ul-hoza-2-pokojowe-e5p4a7,https://s2.adresowa.pl/oi/5a/74/372bb6_97a7_cover-2-pokojowe-mieszkanie-szczecin-zelechowa-ul-hoza.jpg
Szczecin Warszewo,,4,77,770000,10000,Bez pośredników,ponad miesiąc temu,8,https://adresowo.pl/o/mieszkanie-szczecin-warszewo-4-pokojowe-77-m2-k5d3t4,https://s2.adresowa.pl/oi/77/1d/3737ae_33be_cover-4-pokojowe-mieszkanie-szczecin-warszewo.jpg
Szczecin Śródmieście,ul. Szarotki,3,61,540000,8818,Bez pośredników,ponad miesiąc temu,14,https://adresowo.pl/o/mieszkanie-szczecin-srodmiescie-ul-szarotki-3-pokojowe-l4d2a5,https://s2.adresowa.pl/oi/55/1b/37337e_71cf_cover-3-pokojowe-mieszkanie-szczecin-srodmiescie-ul-szarotki.jpg
Szczecin Żelechowa,ul. Hoża,3,109,570000,5217,Bez pośredników,ponad miesiąc temu,27,https://adresowo.pl/o/mieszkanie-szczecin-zelechowa-ul-hoza-3-pokojowe-d7i3e6,https://s2.adresowa.pl/oi/1f/42/371dce_ba21_cover-3-pokojowe-mieszkanie-szczecin-zelechowa-ul-hoza.jpg
Szczecin Bukowe,ul. Romantyczna,3,67,667000,9896,Bez pośredników,ponad miesiąc temu,19,https://adresowo.pl/o/mieszkanie-szczecin-bukowe-ul-romantyczna-3-pokojowe-k9n1i3,https://s2.adresowa.pl/oi/2f/24/371a06_7ea2_cover-3-pokojowe-mieszkanie-szczecin-bukowe-ul-romantyczna.jpg
Szczecin Słoneczne,ul. Lucjana Rydla,4,82,675000,8232,Bez pośredników,ponad miesiąc temu,20,https://adresowo.pl/o/mieszkanie-szczecin-sloneczne-ul-lucjana-rydla-4-pokojowe-n9w8x4,https://s2.adresowa.pl/oi/7e/74/371772_a71d_cover-4-pokojowe-mieszkanie-szczecin-sloneczne-ul-lucjana-rydla.jpg
Szczecin Centrum,ul. bł. Królowej Jadwigi,4,78,737000,9440,Bez pośredników,ponad miesiąc temu,8,https://adresowo.pl/o/mieszkanie-szczecin-centrum-ul-bl-krolowej-jadwigi-4-pokojowe-c8c1q8,https://s2.adresowa.pl/oi/5c/2d/371434_f312_cover-4-pokojowe-mieszkanie-szczecin-centrum-ul-bl-krolowej-jadwigi.jpg
Szczecin Niebuszewo,ul. Przyjaciół Żołnierza,4,72,887322,12300,Bez pośredników,ponad miesiąc temu,27,https://adresowo.pl/o/mieszkanie-szczecin-niebuszewo-ul-przyjaciol-zolnierza-4-pokojowe-c4v1l3,https://s2.adresowa.pl/oi/55/29/3709be_d2ec_cover-4-pokojowe-mieszkanie-szczecin-niebuszewo-ul-przyjaciol-zolnierza.jpg
Szczecin Żelechowa,ul. Cienista,2,56,480000,8514,Bez pośredników,ponad miesiąc temu,10,https://adresowo.pl/o/mieszkanie-szczecin-zelechowa-ul-cienista-2-pokojowe-i5t6e8,https://s2.adresowa.pl/oi/2b/6f/370b78_c911_cover-2-pokojowe-mieszkanie-szczecin-zelechowa-ul-cienista.jpg
Szczecin Centrum,ul. Juliusza Słowackiego,3,102,950000,9314,Bez pośredników,ponad miesiąc temu,8,https://adresowo.pl/o/mieszkanie-szczecin-centrum-ul-juliusza-slowackiego-3-pokojowe-y1t4w8,https://s2.adresowa.pl/oi/79/19/37072e_a961_cover-3-pokojowe-mieszkanie-szczecin-centrum-ul-juliusza-slowackiego.jpg
Szczecin Centrum,al. Wyzwolenia,1,25,380000,15200,Bez pośredników,ponad miesiąc temu,15,https://adresowo.pl/o/mieszkanie-szczecin-centrum-al-wyzwolenia-1-pokoj-t3e0u5,https://s2.adresowa.pl/oi/10/6c/36f812_b4c8_cover-1-pokojowe-mieszkanie-szczecin-centrum-al-wyzwolenia.jpg
Szczecin Stołczyn,ul. Modelarska,1,27,389000,14407,Bez pośredników,ponad miesiąc temu,5,https://adresowo.pl/o/mieszkanie-szczecin-stolczyn-ul-modelarska-1-pokoj-y9p4z4,https://s2.adresowa.pl/oi/4c/58/36f066_ace8_cover-1-pokojowe-mieszkanie-szczecin-stolczyn-ul-modelarska.jpg
Szczecin Majowe,ul. Kosynierów,3,63,545000,8604,Bez pośredników,ponad miesiąc temu,15,https://adresowo.pl/o/mieszkanie-szczecin-majowe-ul-kosynierow-3-pokojowe-i6j8w1,https://s2.adresowa.pl/oi/16/27/36e766_8009_cover-3-pokojowe-mieszkanie-szczecin-majowe-ul-kosynierow.jpg
Szczecin Zalom-Kasztanowe,os. Kasztanowe,2,50,390000,7844,Bez pośredników,ponad miesiąc temu,1,https://adresowo.pl/o/mieszkanie-szczecin-zalom-kasztanowe-os-kasztanowe-2-pokojowe-u6i8v1,https://s2.adresowa.pl/oi/16/69/36d37e_3db0_cover-2-pokojowe-mieszkanie-szczecin-zalom-kasztanowe-os-kasztanowe.jpg
Szczecin Centrum,ul. Stefana Lewandowskiego,4,80,1270000,15875,Bez pośredników,ponad miesiąc temu,8,https://adresowo.pl/o/mieszkanie-szczecin-centrum-ul-stefana-lewandowskiego-4-pokojowe-d6p6y5,https://s2.adresowa.pl/oi/67/64/36d2ca_88c2_cover-4-pokojowe-mieszkanie-szczecin-centrum-ul-stefana-lewandowskiego.jpg
Szczecin Świerczewo,ul. Tenisowa,3,58,849000,14740,Bez pośredników,ponad miesiąc temu,28,https://adresowo.pl/o/mieszkanie-szczecin-swierczewo-ul-tenisowa-3-pokojowe-p7o4x1,https://s2.adresowa.pl/oi/1d/55/36c852_ffba_cover-3-pokojowe-mieszkanie-szczecin-swierczewo-ul-tenisowa.jpg
Szczecin Niebuszewo,,3,86,770000,8953,Bez pośredników,ponad miesiąc temu,8,https://adresowo.pl/o/mieszkanie-szczecin-niebuszewo-3-pokojowe-86-m2-o5p1o0,https://s2.adresowa.pl/oi/5d/49/36cbe4_930e_cover-3-pokojowe-mieszkanie-szczecin-niebuszewo.jpg
Szczecin Śródmieście,ul. Jana Matejki,2,38,439000,11553,Bez pośredników,ponad miesiąc temu,2,https://adresowo.pl/o/mieszkanie-szczecin-srodmiescie-ul-jana-matejki-2-pokojowe-o6r7v4,https://s2.adresowa.pl/oi/78/61/36b9d2_4cb4_cover-2-pokojowe-mieszkanie-szczecin-srodmiescie-ul-jana-matejki.jpg
Szczecin Centrum,ul. Szarotki,2,68,399000,5868,Bez pośredników,ponad miesiąc temu,2,https://adresowo.pl/o/mieszkanie-szczecin-centrum-ul-szarotki-2-pokojowe-o9g0t0,https://s2.adresowa.pl/oi/6f/2c/36b568_da19_cover-2-pokojowe-mieszkanie-szczecin-centrum-ul-szarotki.jpg
Szczecin Pomorzany,ul. Budziszyńska,2,37,370000,10109,Bez pośredników,ponad miesiąc temu,12,https://adresowo.pl/o/mieszkanie-szczecin-pomorzany-ul-budziszynska-2-pokojowe-z0y3g1,https://s2.adresowa.pl/oi/61/23/36a420_b7b2_cover-2-pokojowe-mieszkanie-szczecin-pomorzany-ul-budziszynska.jpg
Szczecin Żelechowa,ul. Małe Błonia,2,30,380000,12583,Bez pośredników,ponad miesiąc temu,20,https://adresowo.pl/o/mieszkanie-szczecin-zelechowa-ul-male-blonia-2-pokojowe-e3y1k8,https://s2.adresowa.pl/oi/61/1d/368938_8691_cover-2-pokojowe-mieszkanie-szczecin-zelechowa-ul-male-blonia.jpg
Szczecin Świerczewo,ul. Antoniego Kaliny,2,43,469000,10907,Bez pośredników,ponad miesiąc temu,8,https://adresowo.pl/o/mieszkanie-szczecin-swierczewo-ul-antoniego-kaliny-2-pokojowe-n2o2n7,https://s2.adresowa.pl/oi/2f/31/3683c2_53a0_cover-2-pokojowe-mieszkanie-szczecin-swierczewo-ul-antoniego-kaliny.jpg
Szczecin Pomorzany,ul. 9 Maja,1,27,280000,10452,Bez pośredników,ponad miesiąc temu,8,https://adresowo.pl/o/mieszkanie-szczecin-pomorzany-ul-9-maja-1-pokoj-l7e5v7,https://s2.adresowa.pl/oi/75/67/368104_3b0a_cover-1-pokojowe-mieszkanie-szczecin-pomorzany-ul-9-maja.jpg
Szczecin Centrum,ul. Monte Cassino,1,27,330000,12222,Bez pośredników,ponad miesiąc temu,15,https://adresowo.pl/o/mieszkanie-szczecin-centrum-ul-monte-cassino-1-pokoj-v4p3w0,https://s2.adresowa.pl/oi/74/50/367504_d5c2_cover-1-pokojowe-mieszkanie-szczecin-centrum-ul-monte-cassino.jpg
Szczecin Warszewo,ul. Maciejkowa,3,67,830000,12477,Bez pośredników,ponad miesiąc temu,14,https://adresowo.pl/o/mieszkanie-szczecin-warszewo-ul-maciejkowa-3-pokojowe-p2c4s8,https://s2.adresowa.pl/oi/7e/36/366fce_c216_cover-3-pokojowe-mieszkanie-szczecin-warszewo-ul-maciejkowa.jpg
Szczecin Bukowe,ul. Seledynowa,3,63,679000,10761,Bez pośredników,ponad miesiąc temu,10,https://adresowo.pl/o/mieszkanie-szczecin-bukowe-ul-seledynowa-3-pokojowe-p8x0r6,https://s2.adresowa.pl/oi/1b/7a/3965e6_f137_cover-3-pokojowe-mieszkanie-szczecin-bukowe-ul-seledynowa.jpg
Szczecin Warszewo,ul. Kalinowa,3,62,699000,11358,Bez pośredników,ponad miesiąc temu,6,https://adresowo.pl/o/mieszkanie-szczecin-warszewo-ul-kalinowa-3-pokojowe-e9p4v0,https://s2.adresowa.pl/oi/3a/59/365f10_5940_cover-3-pokojowe-mieszkanie-szczecin-warszewo-ul-kalinowa.jpg
Szczecin Prawobrzeże,ul. Kazimierza Wierzyńskiego,3,79,715000,9062,Bez pośredników,ponad miesiąc temu,14,https://adresowo.pl/o/mieszkanie-szczecin-prawobrzeze-ul-kazimierza-wierzynskiego-3-pokojowe-l2j5o1,https://s2.adresowa.pl/oi/64/13/364586_daad_cover-3-pokojowe-mieszkanie-szczecin-prawobrzeze-ul-kazimierza-wierzynskiego.jpg
,,,,,,Pośrednik,,,https://adresowo.pl/mieszkania/szczecin/centrum-U/,
Szczecin Centrum,,5,130,800000,6154,Bez pośredników,ponad miesiąc temu,7,https://adresowo.pl/o/mieszkanie-szczecin-centrum-5-pokojowe-130-m2-m8v7c7,https://s2.adresowa.pl/oi/40/5e/363d02_ea7a_cover-5-pokojowe-mieszkanie-szczecin-centrum.jpg
,,,,,,Pośrednik,,,,
,,,,,,Pośrednik,,,,
Szczecin Centrum,ul. Jagiellońska,4,118,899000,7605,Bez pośredników,ponad miesiąc temu,19,https://adresowo.pl/o/mieszkanie-szczecin-centrum-ul-jagiellonska-4-pokojowe-n9b6v8,https://s2.adresowa.pl/oi/17/37/36378c_8073_cover-4-pokojowe-mieszkanie-szczecin-centrum-ul-jagiellonska.jpg
Szczecin Śródmieście,ul. Garncarska,5,93,749000,8070,Bez pośredników,ponad miesiąc temu,13,https://adresowo.pl/o/mieszkanie-szczecin-srodmiescie-ul-garncarska-5-pokojowe-i2v1a0,https://s2.adresowa.pl/oi/65/48/363422_ca67_cover-5-pokojowe-mieszkanie-szczecin-srodmiescie-ul-garncarska.jpg
Szczecin Gumieńce,,4,81,1270000,15679,Bez pośredników,ponad miesiąc temu,8,https://adresowo.pl/o/mieszkanie-szczecin-gumience-4-pokojowe-81-m2-m3j2s3,https://s2.adresowa.pl/oi/5e/12/3621cc_36f1_cover-4-pokojowe-mieszkanie-szczecin-gumience.jpg
Szczecin Bukowe,ul. Beżowa,3,65,630000,9633,Bez pośredników,ponad miesiąc temu,17,https://adresowo.pl/o/mieszkanie-szczecin-bukowe-ul-bezowa-3-pokojowe-p6k6r5,https://s2.adresowa.pl/oi/7b/28/361ad8_a622_cover-3-pokojowe-mieszkanie-szczecin-bukowe-ul-bezowa.jpg
,,,,,,Pośrednik,,,,
,,,,,,Pośrednik,,,,
Szczecin Gocław,ul. Kolska,2,62,359000,5790,Bez pośredników,ponad miesiąc temu,11,https://adresowo.pl/o/mieszkanie-szczecin-goclaw-ul-kolska-2-pokojowe-k4e2k8,https://s2.adresowa.pl/oi/3f/7b/36163e_dc6c_cover-2-pokojowe-mieszkanie-szczecin-goclaw-ul-kolska.jpg
Szczecin Niebuszewo,,3,62,660000,10568,Bez pośredników,ponad miesiąc temu,19,https://adresowo.pl/o/mieszkanie-szczecin-niebuszewo-3-pokojowe-62-m2-j7q7w9,https://s2.adresowa.pl/oi/79/3e/35a2f8_68f8_cover-3-pokojowe-mieszkanie-szczecin-niebuszewo.jpg
Szczecin Centrum,ul. Mieczysława Niedziałkowskiego,2,74,1800000,24324,Bez pośredników,ponad miesiąc temu,1,https://adresowo.pl/o/mieszkanie-szczecin-centrum-ul-mieczyslawa-niedzialkowskiego-2-pokojowe-h4c2s3,https://s2.adresowa.pl/oi/53/7a/359e92_6821_cover-2-pokojowe-mieszkanie-szczecin-centrum-ul-mieczyslawa-niedzialkowskiego.jpg
Szczecin Pogodno,ul. Reduty Ordona,1,27,270000,10000,Bez pośredników,ponad miesiąc temu,1,https://adresowo.pl/o/mieszkanie-szczecin-pogodno-ul-reduty-ordona-1-pokoj-j9d6g1,https://s2.adresowa.pl/oi/47/79/359218_f58f_cover-1-pokojowe-mieszkanie-szczecin-pogodno-ul-reduty-ordona.jpg
,,,,,,Pośrednik,,,,
,,,,,,Pośrednik,,,,
Szczecin Centrum,ul. Księcia Bogusława X,7,145,900000,6207,Bez pośredników,ponad miesiąc temu,15,https://adresowo.pl/o/mieszkanie-szczecin-centrum-ul-ksiecia-boguslawa-x-7-pokojowe-a9z8j2,https://s2.adresowa.pl/oi/46/3e/359050_f5ff_cover-7-pokojowe-mieszkanie-szczecin-centrum-ul-ksiecia-boguslawa-x.jpg
Szczecin Centrum,ul. Jagiellońska,5,124,770000,6210,Bez pośredników,ponad miesiąc temu,8,https://adresowo.pl/o/mieszkanie-szczecin-centrum-ul-jagiellonska-5-pokojowe-s7h0v1,https://s2.adresowa.pl/oi/74/64/358f72_83df_cover-5-pokojowe-mieszkanie-szczecin-centrum-ul-jagiellonska.jpg
Szczecin Centrum,ul. gen. Ludomiła Rayskiego,4,133,790000,5940,Bez pośredników,ponad miesiąc temu,17,https://adresowo.pl/o/mieszkanie-szczecin-centrum-ul-gen-ludomila-rayskiego-4-pokojowe-v2l2q7,https://s2.adresowa.pl/oi/1e/21/358a02_9715_cover-4-pokojowe-mieszkanie-szczecin-centrum-ul-gen-ludomila-rayskiego.jpg
Szczecin Zdroje,ul. Młodzieży Polskiej,3,64,580000,9063,Bez pośredników,ponad miesiąc temu,10,https://adresowo.pl/o/mieszkanie-szczecin-zdroje-ul-mlodziezy-polskiej-3-pokojowe-t1v4f5,https://s2.adresowa.pl/oi/13/30/3573b4_60a0_cover-3-pokojowe-mieszkanie-szczecin-zdroje-ul-mlodziezy-polskiej.jpg
Szczecin Stołczyn,,2,37,217000,5945,Bez pośredników,ponad miesiąc temu,12,https://adresowo.pl/o/mieszkanie-szczecin-stolczyn-2-pokojowe-36-m2-t6h1t9,https://s2.adresowa.pl/oi/22/2e/356768_9a27_cover-2-pokojowe-mieszkanie-szczecin-stolczyn.jpg
,,,,,,Pośrednik,,,,
,,,,,,Pośrednik,,,,
Szczecin Gumieńce,ul. Konstantego Maciejewicza,3,76,690000,9127,Bez pośredników,ponad miesiąc temu,6,https://adresowo.pl/o/mieszkanie-szczecin-gumience-ul-konstantego-maciejewicza-3-pokojowe-r0k4w7,https://s2.adresowa.pl/oi/73/69/355ebc_839e_cover-3-pokojowe-mieszkanie-szczecin-gumience-ul-konstantego-maciejewicza.jpg
Szczecin Bukowe,ul. Fioletowa,3,63,619000,9810,Bez pośredników,ponad miesiąc temu,20,https://adresowo.pl/o/mieszkanie-szczecin-bukowe-ul-fioletowa-3-pokojowe-p8r6u5,https://s2.adresowa.pl/oi/4a/69/3545e2_8201_cover-3-pokojowe-mieszkanie-szczecin-bukowe-ul-fioletowa.jpg
Szczecin Centrum,pl. Matki Teresy z Kalkuty,3,58,549000,9466,Bez pośredników,ponad miesiąc temu,8,https://adresowo.pl/o/mieszkanie-szczecin-centrum-pl-matki-teresy-z-kalkuty-3-pokojowe-e5f5c9,https://s2.adresowa.pl/oi/6f/68/353fb0_b7e3_cover-3-pokojowe-mieszkanie-szczecin-centrum-pl-matki-teresy-z-kalkuty.jpg
Szczecin Centrum,al. Wojska Polskiego,4,110,1090000,9909,Bez pośredników,ponad miesiąc temu,8,https://adresowo.pl/o/mieszkanie-szczecin-centrum-al-wojska-polskiego-4-pokojowe-p4i3o8,https://s2.adresowa.pl/oi/34/30/351534_4197_cover-4-pokojowe-mieszkanie-szczecin-centrum-al-wojska-polskiego.jpg
Szczecin Centrum,ul. Mieczysława Niedziałkowskiego,2,49,690000,14145,Bez pośredników,ponad miesiąc temu,8,https://adresowo.pl/o/mieszkanie-szczecin-centrum-ul-mieczyslawa-niedzialkowskiego-2-pokojowe-l4p3w8,https://s2.adresowa.pl/oi/7c/1b/350444_d2d2_cover-2-pokojowe-mieszkanie-szczecin-centrum-ul-mieczyslawa-niedzialkowskiego.jpg
,,,,,,Pośrednik,,,,
,,,,,,Pośrednik,,,,
Szczecin Pogodno,ul. Santocka,3,60,520000,8710,Bez pośredników,ponad miesiąc temu,8,https://adresowo.pl/o/mieszkanie-szczecin-pogodno-ul-santocka-3-pokojowe-x7l2g2,https://s2.adresowa.pl/oi/42/5b/35015c_89ed_cover-3-pokojowe-mieszkanie-szczecin-pogodno-ul-santocka.jpg
Szczecin Gumieńce,ul. Hrubieszowska,2,59,780000,13220,Bez pośredników,ponad miesiąc temu,8,https://adresowo.pl/o/mieszkanie-szczecin-gumience-ul-hrubieszowska-2-pokojowe-v8k9m5,https://s2.adresowa.pl/oi/43/6b/34f644_d2f5_cover-2-pokojowe-mieszkanie-szczecin-gumience-ul-hrubieszowska.jpg
Szczecin Centrum,ul. Stefana Lewandowskiego,3,86,1149000,13353,Bez pośredników,ponad miesiąc temu,13,https://adresowo.pl/o/mieszkanie-szczecin-centrum-ul-stefana-lewandowskiego-3-pokojowe-y4l3v6,https://s2.adresowa.pl/oi/40/44/34f5e2_5055_cover-3-pokojowe-mieszkanie-szczecin-centrum-ul-stefana-lewandowskiego.jpg
Szczecin Śródmieście,ul. Mazurska,5,81,759900,9381,Bez pośredników,ponad miesiąc temu,11,https://adresowo.pl/o/mieszkanie-szczecin-srodmiescie-ul-mazurska-5-pokojowe-p5b6y4,https://s2.adresowa.pl/oi/27/3f/34f1b6_87a8_cover-5-pokojowe-mieszkanie-szczecin-srodmiescie-ul-mazurska.jpg
Szczecin Niebuszewo,ul. ks. Piotra Skargi,3,84,465000,5536,Bez pośredników,ponad miesiąc temu,13,https://adresowo.pl/o/mieszkanie-szczecin-niebuszewo-ul-ks-piotra-skargi-3-pokojowe-a5e0r8,https://s2.adresowa.pl/oi/61/74/34d644_7f9e_cover-3-pokojowe-mieszkanie-szczecin-niebuszewo-ul-ks-piotra-skargi.jpg
Szczecin,ul. Panoramiczna,3,71,779000,11022,Bez pośredników,ponad miesiąc temu,15,https://adresowo.pl/o/mieszkanie-szczecin-ul-panoramiczna-3-pokojowe-t8l0v5,https://s2.adresowa.pl/oi/79/4a/34cfe4_81a6_cover-3-pokojowe-mieszkanie-szczecin-ul-panoramiczna.jpg
,,,,,,Pośrednik,,,,
,,,,,,Pośrednik,,,,
Szczecin Niebuszewo,ul. Boguchwały,3,70,529000,7557,Bez pośredników,ponad miesiąc temu,16,https://adresowo.pl/o/mieszkanie-szczecin-niebuszewo-ul-boguchwaly-3-pokojowe-c3e2o3,https://s2.adresowa.pl/oi/2a/7f/34c9bc_aac3_cover-3-pokojowe-mieszkanie-szczecin-niebuszewo-ul-boguchwaly.jpg
Szczecin Prawobrzeże,ul. Walecznych,3,53,470000,8868,Bez pośredników,ponad miesiąc temu,14,https://adresowo.pl/o/mieszkanie-szczecin-prawobrzeze-ul-walecznych-3-pokojowe-g8a5j7,https://s2.adresowa.pl/oi/13/5b/34c62e_3aa3_cover-3-pokojowe-mieszkanie-szczecin-prawobrzeze-ul-walecznych.jpg
Szczecin Śródmieście,ul. Wielkopolska,1,39,535000,13718,Bez pośredników,ponad miesiąc temu,7,https://adresowo.pl/o/mieszkanie-szczecin-srodmiescie-ul-wielkopolska-1-pokoj-e3a5q3,https://s2.adresowa.pl/oi/2a/6b/34beb2_6c16_cover-1-pokojowe-mieszkanie-szczecin-srodmiescie-ul-wielkopolska.jpg
Szczecin Centrum,ul. bł. Królowej Jadwigi,3,51,475000,9314,Bez pośredników,ponad miesiąc temu,15,https://adresowo.pl/o/mieszkanie-szczecin-centrum-ul-bl-krolowej-jadwigi-3-pokojowe-q5g9d9,https://s2.adresowa.pl/oi/11/23/34b3a6_ddf2_cover-3-pokojowe-mieszkanie-szczecin-centrum-ul-bl-krolowej-jadwigi.jpg
Szczecin Centrum,ul. Jana Kazimierza,2,66,515000,7803,Bez pośredników,ponad miesiąc temu,9,https://adresowo.pl/o/mieszkanie-szczecin-centrum-ul-jana-kazimierza-2-pokojowe-o0z5t1,https://s2.adresowa.pl/oi/14/1a/34af76_447c_cover-2-pokojowe-mieszkanie-szczecin-centrum-ul-jana-kazimierza.jpg
Szczecin Prawobrzeże,ul. Szybowcowa,2,55,555000,10091,Bez pośredników,ponad miesiąc temu,19,https://adresowo.pl/o/mieszkanie-szczecin-prawobrzeze-ul-szybowcowa-2-pokojowe-p1f5m4,https://s2.adresowa.pl/oi/30/6f/34acaa_d2d2_cover-2-pokojowe-mieszkanie-szczecin-prawobrzeze-ul-szybowcowa.jpg
,,,,,,Pośrednik,,,,
,,,,,,Pośrednik,,,,
Szczecin Bukowo,ul. Policka,4,91,899000,9901,Bez pośredników,ponad miesiąc temu,5,https://adresowo.pl/o/mieszkanie-szczecin-bukowo-ul-policka-4-pokojowe-r1u3b1,https://s2.adresowa.pl/oi/49/53/34a8fc_8e34_cover-4-pokojowe-mieszkanie-szczecin-bukowo-ul-policka.jpg
Szczecin Gumieńce,ul. Polskich Marynarzy,2,50,619000,12505,Bez pośredników,ponad miesiąc temu,3,https://adresowo.pl/o/mieszkanie-szczecin-gumience-ul-polskich-marynarzy-2-pokojowe-x6z9p9,https://s2.adresowa.pl/oi/15/66/346bc2_2d33_cover-2-pokojowe-mieszkanie-szczecin-gumience-ul-polskich-marynarzy.jpg
Szczecin Pomorzany,ul. Boczna,3,67,460000,6857,Bez pośredników,ponad miesiąc temu,10,https://adresowo.pl/o/mieszkanie-szczecin-pomorzany-ul-boczna-3-pokojowe-g2m2w2,https://s2.adresowa.pl/oi/36/2d/346ba8_daf4_cover-3-pokojowe-mieszkanie-szczecin-pomorzany-ul-boczna.jpg
Szczecin Śródmieście,ul. Pocztowa,3,61,500000,8233,Bez pośredników,ponad miesiąc temu,9,https://adresowo.pl/o/mieszkanie-szczecin-srodmiescie-ul-pocztowa-3-pokojowe-w3i6z7,https://s2.adresowa.pl/oi/1f/34/345dd4_a346_cover-3-pokojowe-mieszkanie-szczecin-srodmiescie-ul-pocztowa.jpg
Szczecin Niebuszewo,ul. ks. Hugona Kołłątaja,4,80,740000,9204,Bez pośredników,ponad miesiąc temu,21,https://adresowo.pl/o/mieszkanie-szczecin-niebuszewo-ul-ks-hugona-kollataja-4-pokojowe-r0m9m3,https://s2.adresowa.pl/oi/37/4c/344488_65ff_cover-4-pokojowe-mieszkanie-szczecin-niebuszewo-ul-ks-hugona-kollataja.jpg
Szczecin Centrum,ul. Wielkopolska,4,71,748000,10598,Bez pośredników,ponad miesiąc temu,9,https://adresowo.pl/o/mieszkanie-szczecin-centrum-ul-wielkopolska-4-pokojowe-b1z5c2,https://s2.adresowa.pl/oi/20/4e/34369e_e6d7_cover-4-pokojowe-mieszkanie-szczecin-centrum-ul-wielkopolska.jpg
Szczecin Centrum,ul. Władysława Jagiełły,1,34,365000,10767,Bez pośredników,ponad miesiąc temu,11,https://adresowo.pl/o/mieszkanie-szczecin-centrum-ul-wladyslawa-jagielly-1-pokoj-u9o1n9,https://s2.adresowa.pl/oi/28/2c/33c308_f835_cover-1-pokojowe-mieszkanie-szczecin-centrum-ul-wladyslawa-jagielly.jpg
Szczecin Niebuszewo,ul. Oliwkowa,3,51,550000,10891,Bez pośredników,ponad miesiąc temu,8,https://adresowo.pl/o/mieszkanie-szczecin-niebuszewo-ul-oliwkowa-3-pokojowe-w0k2f9,https://s2.adresowa.pl/oi/11/1a/338888_59d1_cover-3-pokojowe-mieszkanie-szczecin-niebuszewo-ul-oliwkowa.jpg
Szczecin Centrum,al. Wyzwolenia,1,23,448500,19500,Bez pośredników,ponad miesiąc temu,8,https://adresowo.pl/o/mieszkanie-szczecin-centrum-al-wyzwolenia-1-pokoj-v4m1i3,https://s2.adresowa.pl/oi/38/5d/338880_ca89_cover-1-pokojowe-mieszkanie-szczecin-centrum-al-wyzwolenia.jpg
Szczecin Pomorzany,al. Powstańców Wielkopolskich,2,48,690000,14375,Bez pośredników,ponad miesiąc temu,6,https://adresowo.pl/o/mieszkanie-szczecin-pomorzany-al-powstancow-wielkopolskich-2-pokojowe-a7w6t1,https://s2.adresowa.pl/oi/14/2a/33886e_c414_cover-2-pokojowe-mieszkanie-szczecin-pomorzany-al-powstancow-wielkopolskich.jpg
Szczecin Centrum,ul. Potulicka,2,54,640000,11852,Bez pośredników,ponad miesiąc temu,8,https://adresowo.pl/o/mieszkanie-szczecin-centrum-ul-potulicka-2-pokojowe-p3p6l9,https://s2.adresowa.pl/oi/20/3a/337c26_6bd4_cover-2-pokojowe-mieszkanie-szczecin-centrum-ul-potulicka.jpg
Szczecin Słoneczne,ul. Turkusowa,3,92,690000,7533,Bez pośredników,ponad miesiąc temu,9,https://adresowo.pl/o/mieszkanie-szczecin-sloneczne-ul-turkusowa-3-pokojowe-c7u8a3,https://s2.adresowa.pl/oi/3d/67/3372b6_61b6_cover-3-pokojowe-mieszkanie-szczecin-sloneczne-ul-turkusowa.jpg
Szczecin Centrum,ul. Stefana Lewandowskiego,4,80,1270000,15875,Bez pośredników,ponad miesiąc temu,9,https://adresowo.pl/o/mieszkanie-szczecin-centrum-ul-stefana-lewandowskiego-4-pokojowe-o1p4a7,https://s2.adresowa.pl/oi/2a/7a/334dc4_82c1_cover-4-pokojowe-mieszkanie-szczecin-centrum-ul-stefana-lewandowskiego.jpg
Szczecin Gocław,,2,42,290000,6905,Bez pośredników,ponad miesiąc temu,8,https://adresowo.pl/o/mieszkanie-szczecin-goclaw-2-pokojowe-42-m2-j4l2h4,https://s2.adresowa.pl/oi/2b/7a/33449a_9cd6_cover-2-pokojowe-mieszkanie-szczecin-goclaw.jpg
Szczecin Centrum,ul. 5 Lipca,3,70,800000,11429,Bez pośredników,ponad miesiąc temu,8,https://adresowo.pl/o/mieszkanie-szczecin-centrum-ul-5-lipca-3-pokojowe-k3m9c3,https://s2.adresowa.pl/oi/13/3c/332094_a2aa_cover-3-pokojowe-mieszkanie-szczecin-centrum-ul-5-lipca.jpg
Szczecin Gumieńce,ul. Hrubieszowska,3,69,560000,8167,Bez pośredników,ponad miesiąc temu,7,https://adresowo.pl/o/mieszkanie-szczecin-gumience-ul-hrubieszowska-3-pokojowe-h6z5o7,https://s2.adresowa.pl/oi/14/20/332074_9034_cover-3-pokojowe-mieszkanie-szczecin-gumience-ul-hrubieszowska.jpg
Szczecin Pogodno,ul. Maksyma Gorkiego,2,56,545000,9816,Bez pośredników,ponad miesiąc temu,14,https://adresowo.pl/o/mieszkanie-szczecin-pogodno-ul-maksyma-gorkiego-2-pokojowe-r8u0z8,https://s2.adresowa.pl/oi/12/61/330f16_f3a0_cover-2-pokojowe-mieszkanie-szczecin-pogodno-ul-maksyma-gorkiego.jpg
Szczecin Świerczewo,ul. Hieronima Derdowskiego,2,42,420000,9929,Bez pośredników,ponad miesiąc temu,13,https://adresowo.pl/o/mieszkanie-szczecin-swierczewo-ul-hieronima-derdowskiego-2-pokojowe-e9r9q0,https://s2.adresowa.pl/oi/4c/26/330b46_f8d7_cover-2-pokojowe-mieszkanie-szczecin-swierczewo-ul-hieronima-derdowskiego.jpg
Szczecin Żelechowa,ul. Studzienna,3,64,668430,10500,Bez pośredników,ponad miesiąc temu,12,https://adresowo.pl/o/mieszkanie-szczecin-zelechowa-ul-studzienna-3-pokojowe-g3l3b6,https://s2.adresowa.pl/oi/51/45/32ab38_9a4f_cover-3-pokojowe-mieszkanie-szczecin-zelechowa-ul-studzienna.jpg
Szczecin Dąbie,ul. Szybowcowa,3,70,598000,8580,Bez pośredników,ponad miesiąc temu,8,https://adresowo.pl/o/mieszkanie-szczecin-dabie-ul-szybowcowa-3-pokojowe-e4q3m7,https://s2.adresowa.pl/oi/33/6c/328b20_6b96_cover-3-pokojowe-mieszkanie-szczecin-dabie-ul-szybowcowa.jpg
Szczecin Centrum,ul. Unisławy,2,34,469000,13835,Bez pośredników,ponad miesiąc temu,8,https://adresowo.pl/o/mieszkanie-szczecin-centrum-ul-unislawy-2-pokojowe-m2o5s7,https://s2.adresowa.pl/oi/62/1e/326020_d220_cover-2-pokojowe-mieszkanie-szczecin-centrum-ul-unislawy.jpg
Szczecin Śródmieście,ul. marsz. Józefa Piłsudskiego,2,42,310000,7306,Bez pośredników,ponad miesiąc temu,6,https://adresowo.pl/o/mieszkanie-szczecin-srodmiescie-ul-marsz-jozefa-pilsudskiego-2-pokojowe-y9g4l3,https://s2.adresowa.pl/oi/3e/7c/31d2b2_4ff7_cover-2-pokojowe-mieszkanie-szczecin-srodmiescie-ul-marsz-jozefa-pilsudskiego.jpg
Szczecin Śródmieście,ul. Stefana Lewandowskiego,4,74,949000,12766,Bez pośredników,ponad miesiąc temu,11,https://adresowo.pl/o/mieszkanie-szczecin-srodmiescie-ul-stefana-lewandowskiego-4-pokojowe-g1b0g7,https://s2.adresowa.pl/oi/4f/53/325dfc_8df8_cover-4-pokojowe-mieszkanie-szczecin-srodmiescie-ul-stefana-lewandowskiego.jpg
Szczecin Centrum,al. Wyzwolenia,3,81,1799999,22222,Bez pośredników,ponad miesiąc temu,5,https://adresowo.pl/o/mieszkanie-szczecin-centrum-al-wyzwolenia-3-pokojowe-q4x2r9,https://s2.adresowa.pl/oi/47/69/3250ac_a7cf_cover-3-pokojowe-mieszkanie-szczecin-centrum-al-wyzwolenia.jpg
Szczecin Warszewo,ul. Zakole,3,60,569000,9483,Bez pośredników,ponad miesiąc temu,8,https://adresowo.pl/o/mieszkanie-szczecin-warszewo-ul-zakole-3-pokojowe-w3c2p6,https://s2.adresowa.pl/oi/3f/7e/3235dc_7825_cover-3-pokojowe-mieszkanie-szczecin-warszewo-ul-zakole.jpg
Szczecin Bukowe,ul. Brązowa,5,154,1149000,7461,Bez pośredników,ponad miesiąc temu,19,https://adresowo.pl/o/mieszkanie-szczecin-bukowe-ul-brazowa-5-pokojowe-i8o3l4,https://s2.adresowa.pl/oi/68/1f/31ca70_acdf_cover-5-pokojowe-mieszkanie-szczecin-bukowe-ul-brazowa.jpg
Szczecin Śródmieście,ul. Rugiańska,2,46,409000,8891,Bez pośredników,ponad miesiąc temu,3,https://adresowo.pl/o/mieszkanie-szczecin-srodmiescie-ul-rugianska-2-pokojowe-p8b4v5,https://s2.adresowa.pl/oi/41/7f/31b616_bcd7_cover-2-pokojowe-mieszkanie-szczecin-srodmiescie-ul-rugianska.jpg
Szczecin Gumieńce,ul. Krakowska,4,91,1134000,12500,Bez pośredników,ponad miesiąc temu,32,https://adresowo.pl/o/mieszkanie-szczecin-gumience-ul-krakowska-4-pokojowe-i2k2e7,https://s2.adresowa.pl/oi/5e/1f/31adaa_99e9_cover-4-pokojowe-mieszkanie-szczecin-gumience-ul-krakowska.jpg
Szczecin Centrum,al. Bohaterów Warszawy,2,46,500000,10839,Bez pośredników,ponad miesiąc temu,20,https://adresowo.pl/o/mieszkanie-szczecin-centrum-al-bohaterow-warszawy-2-pokojowe-s9x6j7,https://s2.adresowa.pl/oi/7c/12/319c92_49b6_cover-2-pokojowe-mieszkanie-szczecin-centrum-al-bohaterow-warszawy.jpg
Szczecin Niebuszewo,ul. ks. Jana Długosza,2,52,469000,9019,Bez pośredników,ponad miesiąc temu,8,https://adresowo.pl/o/mieszkanie-szczecin-niebuszewo-ul-ks-jana-dlugosza-2-pokojowe-n6e5e0,https://s2.adresowa.pl/oi/51/63/31755e_bccc_cover-2-pokojowe-mieszkanie-szczecin-niebuszewo-ul-ks-jana-dlugosza.jpg
Szczecin Pogodno,ul. Waleriana Łukasińskiego,2,51,649000,12725,Bez pośredników,ponad miesiąc temu,14,https://adresowo.pl/o/mieszkanie-szczecin-pogodno-ul-waleriana-lukasinskiego-2-pokojowe-x7a0x8,https://s2.adresowa.pl/oi/12/76/3174b2_514d_cover-2-pokojowe-mieszkanie-szczecin-pogodno-ul-waleriana-lukasinskiego.jpg
Szczecin Pogodno,,3,72,1280000,17803,Bez pośredników,ponad miesiąc temu,20,https://adresowo.pl/o/mieszkanie-szczecin-pogodno-3-pokojowe-71-m2-u1u6r6,https://s2.adresowa.pl/oi/60/5b/310284_c552_cover-3-pokojowe-mieszkanie-szczecin-pogodno.jpg
Szczecin Centrum,,4,93,820000,8817,Bez pośredników,ponad miesiąc temu,6,https://adresowo.pl/o/mieszkanie-szczecin-centrum-4-pokojowe-93-m2-m9z0v0,https://s2.adresowa.pl/oi/19/4e/30c4c8_84a6_cover-4-pokojowe-mieszkanie-szczecin-centrum.jpg
Szczecin Stołczyn,ul. Monterska,2,39,330000,8462,Bez pośredników,ponad miesiąc temu,8,https://adresowo.pl/o/mieszkanie-szczecin-stolczyn-ul-monterska-2-pokojowe-b9b1o3,https://s2.adresowa.pl/oi/1d/79/308ba2_eb0e_cover-2-pokojowe-mieszkanie-szczecin-stolczyn-ul-monterska.jpg
Szczecin,ul. Ostrobramska,4,75,750000,10000,Bez pośredników,ponad miesiąc temu,18,https://adresowo.pl/o/mieszkanie-szczecin-ul-ostrobramska-4-pokojowe-a4l4r5,https://s2.adresowa.pl/oi/19/28/308ab6_c0d9_cover-4-pokojowe-mieszkanie-szczecin-ul-ostrobramska.jpg
Szczecin Bukowo,ul. Szosa Polska,3,56,509000,9088,Bez pośredników,ponad miesiąc temu,7,https://adresowo.pl/o/mieszkanie-szczecin-bukowo-ul-szosa-polska-3-pokojowe-g2m4o2,https://s2.adresowa.pl/oi/6d/34/304c28_40c5_cover-3-pokojowe-mieszkanie-szczecin-bukowo-ul-szosa-polska.jpg
Szczecin Świerczewo,ul. Santocka,2,49,580000,11743,Bez pośredników,ponad miesiąc temu,14,https://adresowo.pl/o/mieszkanie-szczecin-swierczewo-ul-santocka-2-pokojowe-k2k6v4,https://s2.adresowa.pl/oi/4d/1f/30047e_bb7f_cover-2-pokojowe-mieszkanie-szczecin-swierczewo-ul-santocka.jpg
Szczecin Niebuszewo,ul. Zakole,3,63,550000,8730,Bez pośredników,ponad miesiąc temu,8,https://adresowo.pl/o/mieszkanie-szczecin-niebuszewo-ul-zakole-3-pokojowe-l5x6z0,https://s2.adresowa.pl/oi/71/55/2fd52e_aad3_cover-3-pokojowe-mieszkanie-szczecin-niebuszewo-ul-zakole.jpg
Szczecin Gumieńce,ul. Barbakan,2,57,835000,14649,Bez pośredników,ponad miesiąc temu,8,https://adresowo.pl/o/mieszkanie-szczecin-gumience-ul-barbakan-2-pokojowe-y5b4g3,https://s2.adresowa.pl/oi/2e/23/2fc560_c011_cover-2-pokojowe-mieszkanie-szczecin-gumience-ul-barbakan.jpg
Szczecin Centrum,,2,34,379900,11174,Bez pośredników,ponad miesiąc temu,7,https://adresowo.pl/o/mieszkanie-szczecin-centrum-2-pokojowe-34-m2-i4l7m7,https://s2.adresowa.pl/oi/45/12/2fb7fa_7de3_cover-2-pokojowe-mieszkanie-szczecin-centrum.jpg
Szczecin Warszewo,ul. Rostocka,2,46,499867,10950,Bez pośredników,ponad miesiąc temu,1,https://adresowo.pl/o/mieszkanie-szczecin-warszewo-ul-rostocka-2-pokojowe-q3q5z3,https://s2.adresowa.pl/oi/52/1d/2f9d78_4974_cover-2-pokojowe-mieszkanie-szczecin-warszewo-ul-rostocka.jpg
Szczecin Bukowo,ul. Grzymińska,2,54,479000,8870,Bez pośredników,ponad miesiąc temu,8,https://adresowo.pl/o/mieszkanie-szczecin-bukowo-ul-grzyminska-2-pokojowe-n8l6c1,https://s2.adresowa.pl/oi/19/68/2f9740_c0b9_cover-2-pokojowe-mieszkanie-szczecin-bukowo-ul-grzyminska.jpg
Szczecin Bezrzecze,ul. Koralowa,1,32,360000,11180,Bez pośredników,ponad miesiąc temu,8,https://adresowo.pl/o/mieszkanie-szczecin-bezrzecze-ul-koralowa-1-pokoj-j1w1v3,https://s2.adresowa.pl/oi/51/5b/2f01b0_59e3_cover-1-pokojowe-mieszkanie-szczecin-bezrzecze-ul-koralowa.jpg
Szczecin Warszewo,ul. Duńska,2,58,630000,10862,Bez pośredników,ponad miesiąc temu,22,https://adresowo.pl/o/mieszkanie-szczecin-warszewo-ul-dunska-2-pokojowe-r0n4v5,https://s2.adresowa.pl/oi/43/70/2d8412_60ea_cover-2-pokojowe-mieszkanie-szczecin-warszewo-ul-dunska.jpg
Szczecin Śródmieście,ul. Monte Cassino,3,56,620000,11071,Bez pośredników,ponad miesiąc temu,14,https://adresowo.pl/o/mieszkanie-szczecin-srodmiescie-ul-monte-cassino-3-pokojowe-n4n6t4,https://s2.adresowa.pl/oi/37/5c/2ca810_3718_cover-3-pokojowe-mieszkanie-szczecin-srodmiescie-ul-monte-cassino.jpg
Szczecin Prawobrzeże,,2,53,629000,11868,Bez pośredników,ponad miesiąc temu,6,https://adresowo.pl/o/mieszkanie-szczecin-prawobrzeze-2-pokojowe-53-m2-j8u5t0,https://s2.adresowa.pl/oi/2a/6c/2ca668_38d2_cover-2-pokojowe-mieszkanie-szczecin-prawobrzeze.jpg
Szczecin Pogodno,ul. Stefana Grota-Roweckiego,2,56,539000,9698,Bez pośredników,ponad miesiąc temu,9,https://adresowo.pl/o/mieszkanie-szczecin-pogodno-ul-stefana-grota-roweckiego-2-pokojowe-h8m8b2,https://s2.adresowa.pl/oi/66/53/2c4b60_a26b_cover-2-pokojowe-mieszkanie-szczecin-pogodno-ul-stefana-grota-roweckiego.jpg
Szczecin Centrum,ul. Księcia Bogusława X,3,88,610000,6932,Bez pośredników,ponad miesiąc temu,3,https://adresowo.pl/o/mieszkanie-szczecin-centrum-ul-ksiecia-boguslawa-x-3-pokojowe-x2p7v2,https://s2.adresowa.pl/oi/23/3e/2bd514_af0b_cover-3-pokojowe-mieszkanie-szczecin-centrum-ul-ksiecia-boguslawa-x.jpg
Szczecin Centrum,ul. Jana Chryzostoma Paska,4,84,750000,8929,Bez pośredników,ponad miesiąc temu,10,https://adresowo.pl/o/mieszkanie-szczecin-centrum-ul-jana-chryzostoma-paska-4-pokojowe-z9e7v5,https://s2.adresowa.pl/oi/7b/47/2993ba_8bb0_cover-4-pokojowe-mieszkanie-szczecin-centrum-ul-jana-chryzostoma-paska.jpg
Szczecin Drzetowo,ul. Jana Chryzostoma Paska,4,150,900000,6000,Bez pośredników,ponad miesiąc temu,10,https://adresowo.pl/o/mieszkanie-szczecin-drzetowo-ul-jana-chryzostoma-paska-4-pokojowe-r8s1h3,https://s2.adresowa.pl/oi/2f/6e/2a1e9c_5138_cover-4-pokojowe-mieszkanie-szczecin-drzetowo-ul-jana-chryzostoma-paska.jpg
Szczecin,,2,42,380000,9048,Bez pośredników,ponad miesiąc temu,8,https://adresowo.pl/o/mieszkanie-szczecin-2-pokojowe-42-m2-s4o9r1,https://s2.adresowa.pl/oi/4b/5a/2b85b8_7962_cover-2-pokojowe-mieszkanie-szczecin.jpg
Szczecin Centrum,ul. Stanisława Żółkiewskiego,4,145,890000,6138,Bez pośredników,ponad miesiąc temu,5,https://adresowo.pl/o/mieszkanie-szczecin-centrum-ul-stanislawa-zolkiewskiego-4-pokojowe-f2q0p2,https://s2.adresowa.pl/oi/3e/46/2b5746_b4fe_cover-4-pokojowe-mieszkanie-szczecin-centrum-ul-stanislawa-zolkiewskiego.jpg
Szczecin Niemierzyn,ul. Fryderyka Chopina,4,74,1150000,15541,Bez pośredników,ponad miesiąc temu,30,https://adresowo.pl/o/mieszkanie-szczecin-niemierzyn-ul-fryderyka-chopina-4-pokojowe-x5b1y3,https://s2.adresowa.pl/oi/6c/73/2aae64_ac41_cover-4-pokojowe-mieszkanie-szczecin-niemierzyn-ul-fryderyka-chopina.jpg
Szczecin Gumieńce,ul. Cukrowa,3,64,670320,10500,Bez pośredników,ponad miesiąc temu,10,https://adresowo.pl/o/mieszkanie-szczecin-gumience-ul-cukrowa-3-pokojowe-j6f1f6,https://s2.adresowa.pl/oi/5b/15/2a9732_67e6_cover-3-pokojowe-mieszkanie-szczecin-gumience-ul-cukrowa.jpg
Szczecin Pogodno,al. Wojska Polskiego,2,59,470000,7966,Bez pośredników,ponad miesiąc temu,13,https://adresowo.pl/o/mieszkanie-szczecin-pogodno-al-wojska-polskiego-2-pokojowe-d5d8x2,https://s2.adresowa.pl/oi/4e/14/2a6706_3a2c_cover-2-pokojowe-mieszkanie-szczecin-pogodno-al-wojska-polskiego.jpg
Szczecin Niebuszewo,ul. Mariana Rapackiego,2,53,520000,9738,Bez pośredników,ponad miesiąc temu,24,https://adresowo.pl/o/mieszkanie-szczecin-niebuszewo-ul-mariana-rapackiego-2-pokojowe-u7b0n3,https://s2.adresowa.pl/oi/66/27/257956_a1d7_cover-2-pokojowe-mieszkanie-szczecin-niebuszewo-ul-mariana-rapackiego.jpg
Szczecin Centrum,ul. Pocztowa,4,193,999000,5176,Bez pośredników,ponad miesiąc temu,12,https://adresowo.pl/o/mieszkanie-szczecin-centrum-ul-pocztowa-4-pokojowe-m8x6w1,https://s2.adresowa.pl/oi/2e/59/249742_98b1_cover-4-pokojowe-mieszkanie-szczecin-centrum-ul-pocztowa.jpg
Szczecin Centrum,ul. Radogoska,2,66,380000,5758,Bez pośredników,ponad miesiąc temu,20,https://adresowo.pl/o/mieszkanie-szczecin-centrum-ul-radogoska-2-pokojowe-c9h4v7,https://s2.adresowa.pl/oi/14/3a/1e08ba_72dd_cover-2-pokojowe-mieszkanie-szczecin-centrum-ul-radogoska.jpg
Szczecin Pomorzany,ul. Milczańska,3,53,532000,10038,Bez pośredników,ponad miesiąc temu,12,https://adresowo.pl/o/mieszkanie-szczecin-pomorzany-ul-milczanska-3-pokojowe-c7v6i5,https://s2.adresowa.pl/oi/54/3e/1c749c_5d38_cover-3-pokojowe-mieszkanie-szczecin-pomorzany-ul-milczanska.jpg
Szczecin Centrum,ul. Bolesława Krzywoustego,4,98,659900,6734,Bez pośredników,ponad miesiąc temu,11,https://adresowo.pl/o/mieszkanie-szczecin-centrum-ul-boleslawa-krzywoustego-4-pokojowe-p2a8j2,https://s2.adresowa.pl/oi/19/59/16f929_3c12_cover-4-pokojowe-mieszkanie-szczecin-centrum-ul-boleslawa-krzywoustego.jpg
Szczecin Żelechowa,ul. Szczygli Zaułek,3,67,800000,11940,Bez pośredników,ponad tydzień temu,15,https://adresowo.pl/o/mieszkanie-szczecin-zelechowa-ul-szczygli-zaulek-3-pokojowe-s7z6k4,https://s2.adresowa.pl/oi/77/20/3a33c2_7e56_cover-3-pokojowe-mieszkanie-szczecin-zelechowa-ul-szczygli-zaulek.jpg
Szczecin Pomorzany,ul. Boryny,3,53,525200,9915,Bez pośredników,dzisiajnowe,9,https://adresowo.pl/o/mieszkanie-szczecin-pomorzany-ul-boryny-3-pokojowe-r2q4c7,https://s2.adresowa.pl/oi/10/57/3a3eca_72c8_cover-3-pokojowe-mieszkanie-szczecin-pomorzany-ul-boryny.jpg
Szczecin Pomorzany,ul. 9 Maja,1,29,339000,11511,Bez pośredników,dzisiajnowe,6,https://adresowo.pl/o/mieszkanie-szczecin-pomorzany-ul-9-maja-1-pokoj-z0v3h2,https://s2.adresowa.pl/oi/56/29/3a82dc_62d6_cover-1-pokojowe-mieszkanie-szczecin-pomorzany-ul-9-maja.jpg
,,,,,,Pośrednik,,,https://adresowo.pl/mieszkania/szczecin/centrum-U/,
Szczecin Centrum,ul. Ofiar Oświęcimia,2,37,390000,10541,Bez pośredników,wczoraj,18,https://adresowo.pl/o/mieszkanie-szczecin-centrum-ul-ofiar-oswiecimia-2-pokojowe-u0r1y9,https://s2.adresowa.pl/oi/56/54/3a81a6_cfc8_cover-2-pokojowe-mieszkanie-szczecin-centrum-ul-ofiar-oswiecimia.jpg
,,,,,,Pośrednik,,,,
,,,,,,Pośrednik,,,,
Szczecin,ul. Jerzego Andrzejewskiego,2,57,469000,8174,Oferta biura nieruchomości,3 dni temu,9,https://adresowo.pl/o/mieszkanie-szczecin-ul-jerzego-andrzejewskiego-2-pokojowe-z2i2c1,https://s2.adresowa.pl/oi/62/2b/3a7fa8_3f6e_cover-2-pokojowe-mieszkanie-szczecin-ul-jerzego-andrzejewskiego.jpg
Szczecin,ul. Bartnicza,4,70,720000,10317,Oferta biura nieruchomości,3 dni temu,50,https://adresowo.pl/o/mieszkanie-szczecin-ul-bartnicza-4-pokojowe-f9g1o0,https://s2.adresowa.pl/oi/5e/3e/3a7b4a_dba5_cover-4-pokojowe-mieszkanie-szczecin-ul-bartnicza.jpg
Szczecin Śródmieście,ul. Celna,1,32,598000,18688,Bez pośredników,3 dni temu,10,https://adresowo.pl/o/mieszkanie-szczecin-srodmiescie-ul-celna-1-pokoj-l6k8v4,https://s2.adresowa.pl/oi/7f/2d/3a7d6a_5497_cover-1-pokojowe-mieszkanie-szczecin-srodmiescie-ul-celna.jpg
Szczecin Śródmieście,ul. Bolesława Krzywoustego,2,45,420000,9381,Bez pośredników,3 dni temu,10,https://adresowo.pl/o/mieszkanie-szczecin-srodmiescie-ul-boleslawa-krzywoustego-2-pokojowe-i4w9k4,https://s2.adresowa.pl/oi/44/1e/3a7d54_d5cc_cover-2-pokojowe-mieszkanie-szczecin-srodmiescie-ul-boleslawa-krzywoustego.jpg
,,,,,,Pośrednik,,,,
,,,,,,Pośrednik,,,,
Szczecin Warszewo,ul. Limby,2,54,619000,11454,Bez pośredników,3 dni temu,16,https://adresowo.pl/o/mieszkanie-szczecin-warszewo-ul-limby-2-pokojowe-s1m5s9,https://s2.adresowa.pl/oi/6e/50/3a7bce_fb7f_cover-2-pokojowe-mieszkanie-szczecin-warszewo-ul-limby.jpg
Szczecin Stare Miasto,ul. Janusza Kusocińskiego,2,38,449900,11824,Oferta biura nieruchomości,4 dni temu,5,https://adresowo.pl/o/mieszkanie-szczecin-stare-miasto-ul-janusza-kusocinskiego-2-pokojowe-y6l6x8,https://s2.adresowa.pl/oi/18/5f/3a7774_ddf1_cover-2-pokojowe-mieszkanie-szczecin-stare-miasto-ul-janusza-kusocinskiego.jpg
Szczecin Centrum,al. Wojska Polskiego,4,78,627000,7999,Oferta biura nieruchomości,4 dni temu,11,https://adresowo.pl/o/mieszkanie-szczecin-centrum-al-wojska-polskiego-4-pokojowe-a5s7k2,https://s2.adresowa.pl/oi/46/67/3a761a_e49a_cover-4-pokojowe-mieszkanie-szczecin-centrum-al-wojska-polskiego.jpg
Szczecin Pomorzany,ul. Włościańska,2,33,370000,11124,Bez pośredników,3 dni temu,9,https://adresowo.pl/o/mieszkanie-szczecin-pomorzany-ul-wloscianska-2-pokojowe-s7a7d8,https://s2.adresowa.pl/oi/56/68/3a7ab8_5aeb_cover-2-pokojowe-mieszkanie-szczecin-pomorzany-ul-wloscianska.jpg
,,,,,,Pośrednik,,,,
,,,,,,Pośrednik,,,,
Szczecin Centrum,ul. Radogoska,2,36,319000,8861,Bez pośredników,4 dni temu,4,https://adresowo.pl/o/mieszkanie-szczecin-centrum-ul-radogoska-2-pokojowe-o0q7e4,https://s2.adresowa.pl/oi/69/75/3a759a_6505_cover-2-pokojowe-mieszkanie-szczecin-centrum-ul-radogoska.jpg
Szczecin Centrum,ul. marsz. Józefa Piłsudskiego,3,75,770000,10248,Bez pośredników,4 dni temu,12,https://adresowo.pl/o/mieszkanie-szczecin-centrum-ul-marsz-jozefa-pilsudskiego-3-pokojowe-w6r4k1,https://s2.adresowa.pl/oi/30/2f/3a740a_ebc0_cover-3-pokojowe-mieszkanie-szczecin-centrum-ul-marsz-jozefa-pilsudskiego.jpg
Szczecin Pomorzany,,2,38,475000,12610,Oferta biura nieruchomości,4 dni temu,12,https://adresowo.pl/o/mieszkanie-szczecin-pomorzany-2-pokojowe-37-m2-c4x5p7,https://s2.adresowa.pl/oi/79/7f/3a7370_3a10_cover-2-pokojowe-mieszkanie-szczecin-pomorzany.jpg
Szczecin Stare Miasto,ul. Grodzka,3,59,660000,11270,Oferta biura nieruchomości,ponad tydzień temu,25,https://adresowo.pl/o/mieszkanie-szczecin-stare-miasto-ul-grodzka-3-pokojowe-t0m9t6,https://s2.adresowa.pl/oi/4e/54/3a5fa0_9572_cover-3-pokojowe-mieszkanie-szczecin-stare-miasto-ul-grodzka.jpg
Szczecin Pogodno,ul. Waleriana Łukasińskiego,3,62,615000,9960,Bez pośredników,5 dni temu,8,https://adresowo.pl/o/mieszkanie-szczecin-pogodno-ul-waleriana-lukasinskiego-3-pokojowe-g1d1m8,https://s2.adresowa.pl/oi/4c/56/3a7124_c455_cover-3-pokojowe-mieszkanie-szczecin-pogodno-ul-waleriana-lukasinskiego.jpg
,,,,,,Pośrednik,,,,
,,,,,,Pośrednik,,,,
Szczecin Osów,ul. Czesława Niemena,4,87,890000,10195,Bez pośredników,6 dni temu,16,https://adresowo.pl/o/mieszkanie-szczecin-osow-ul-czeslawa-niemena-4-pokojowe-g1x3s1,https://s2.adresowa.pl/oi/53/53/3a67d0_5498_cover-4-pokojowe-mieszkanie-szczecin-osow-ul-czeslawa-niemena.jpg
Szczecin Słoneczne,,3,64,660000,10313,Bez pośredników,6 dni temu,7,https://adresowo.pl/o/mieszkanie-szczecin-sloneczne-3-pokojowe-64-m2-a6l7q9,https://s2.adresowa.pl/oi/32/40/3a6670_85e2_cover-3-pokojowe-mieszkanie-szczecin-sloneczne.jpg
Szczecin,ul. Stanisława Więckowskiego,5,104,1200000,11538,Oferta biura nieruchomości,ponad tydzień temu,17,https://adresowo.pl/o/mieszkanie-szczecin-ul-stanislawa-wieckowskiego-5-pokojowe-x3t7r4,https://s2.adresowa.pl/oi/3a/74/3a4bd6_ab7e_cover-5-pokojowe-mieszkanie-szczecin-ul-stanislawa-wieckowskiego.jpg
Szczecin,ul. Waleriana Łukasińskiego,2,47,479000,10191,Oferta biura nieruchomości,ponad tydzień temu,9,https://adresowo.pl/o/mieszkanie-szczecin-ul-waleriana-lukasinskiego-2-pokojowe-u7l1t1,https://s2.adresowa.pl/oi/64/48/3a3c42_b0e9_cover-2-pokojowe-mieszkanie-szczecin-ul-waleriana-lukasinskiego.jpg
Szczecin Stołczyn,ul. Policka,4,105,850000,8095,Bez pośredników,6 dni temu,18,https://adresowo.pl/o/mieszkanie-szczecin-stolczyn-ul-policka-4-pokojowe-o8c1z3,https://s2.adresowa.pl/oi/2f/61/3a6468_39cc_cover-4-pokojowe-mieszkanie-szczecin-stolczyn-ul-policka.jpg
,,,,,,Pośrednik,,,,
,,,,,,Pośrednik,,,,
Szczecin Cieszyce,ul. Leona Heyki,4,82,1770955,21500,Bez pośredników,6 dni temu,13,https://adresowo.pl/o/mieszkanie-szczecin-cieszyce-ul-leona-heyki-4-pokojowe-z4d3e2,https://s2.adresowa.pl/oi/5b/5f/3a63e8_54ff_cover-4-pokojowe-mieszkanie-szczecin-cieszyce-ul-leona-heyki.jpg
Szczecin Niebuszewo,,2,50,506000,10222,Bez pośredników,6 dni temu,6,https://adresowo.pl/o/mieszkanie-szczecin-niebuszewo-2-pokojowe-49-m2-s0z1m4,https://s2.adresowa.pl/oi/56/57/3a6360_c08e_cover-2-pokojowe-mieszkanie-szczecin-niebuszewo.jpg
Szczecin Gumieńce,,2,51,580000,11359,Oferta biura nieruchomości,ponad tydzień temu,15,https://adresowo.pl/o/mieszkanie-szczecin-gumience-2-pokojowe-51-m2-l0u1b1,https://s2.adresowa.pl/oi/34/52/3a399e_99ef_cover-2-pokojowe-mieszkanie-szczecin-gumience.jpg
Szczecin Niebuszewo,ul. Przyjaciół Żołnierza,3,64,659000,10313,Oferta biura nieruchomości,ponad tydzień temu,13,https://adresowo.pl/o/mieszkanie-szczecin-niebuszewo-ul-przyjaciol-zolnierza-3-pokojowe-g0b2n1,https://s2.adresowa.pl/oi/11/24/3a3598_27f3_cover-3-pokojowe-mieszkanie-szczecin-niebuszewo-ul-przyjaciol-zolnierza.jpg
Szczecin Śródmieście,ul. Księcia Bogusława X,2,42,510100,12102,Bez pośredników,6 dni temu,17,https://adresowo.pl/o/mieszkanie-szczecin-srodmiescie-ul-ksiecia-boguslawa-x-2-pokojowe-b5s8o8,https://s2.adresowa.pl/oi/21/38/3a6260_32f8_cover-2-pokojowe-mieszkanie-szczecin-srodmiescie-ul-ksiecia-boguslawa-x.jpg
Szczecin Centrum,al. Piastów,2,60,730000,12167,Bez pośredników,6 dni temu,6,https://adresowo.pl/o/mieszkanie-szczecin-centrum-al-piastow-2-pokojowe-f2j2f2,https://s2.adresowa.pl/oi/40/40/3a31a6_9224_cover-2-pokojowe-mieszkanie-szczecin-centrum-al-piastow.jpg
,,,,,,Pośrednik,,,,
,,,,,,Pośrednik,,,,
Szczecin Centrum,ul. Stanisława Herakliusza Lubomirskiego,3,63,550000,8681,Bez pośredników,ponad tydzień temu,12,https://adresowo.pl/o/mieszkanie-szczecin-centrum-ul-stanislawa-herakliusza-lubomirskiego-3-pokojowe-r3b6n6,https://s2.adresowa.pl/oi/16/7b/3a6046_92af_cover-3-pokojowe-mieszkanie-szczecin-centrum-ul-stanislawa-herakliusza-lubomirskiego.jpg
Szczecin,ul. 1 Maja,2,48,399000,8313,Oferta biura nieruchomości,ponad tydzień temu,7,https://adresowo.pl/o/mieszkanie-szczecin-ul-1-maja-2-pokojowe-y2m1u7,https://s2.adresowa.pl/oi/3e/4f/3a3596_2f43_cover-2-pokojowe-mieszkanie-szczecin-ul-1-maja.jpg
Szczecin Stare Miasto,al. Wojska Polskiego,3,76,719000,9514,Oferta biura nieruchomości,ponad tydzień temu,13,https://adresowo.pl/o/mieszkanie-szczecin-stare-miasto-al-wojska-polskiego-3-pokojowe-u1d5e8,https://s2.adresowa.pl/oi/41/4a/3a3520_5f15_cover-3-pokojowe-mieszkanie-szczecin-stare-miasto-al-wojska-polskiego.jpg
Szczecin Gumieńce,ul. Kazimierska,2,37,495000,13378,Bez pośredników,ponad tydzień temu,17,https://adresowo.pl/o/mieszkanie-szczecin-gumience-ul-kazimierska-2-pokojowe-p2i9o8,https://s2.adresowa.pl/oi/45/5f/3a5e64_6e72_cover-2-pokojowe-mieszkanie-szczecin-gumience-ul-kazimierska.jpg
Szczecin Gumieńce,ul. Kazimierska,2,42,585000,13929,Bez pośredników,ponad tydzień temu,8,https://adresowo.pl/o/mieszkanie-szczecin-gumience-ul-kazimierska-2-pokojowe-r4g6u2,https://s2.adresowa.pl/oi/6c/70/3a5d24_7c6d_cover-2-pokojowe-mieszkanie-szczecin-gumience-ul-kazimierska.jpg
Szczecin Centrum,,2,47,375000,7979,Bez pośredników,ponad tydzień temu,5,https://adresowo.pl/o/mieszkanie-szczecin-centrum-2-pokojowe-47-m2-f8q3c3,https://s2.adresowa.pl/oi/1b/42/3a5d1e_d027_cover-2-pokojowe-mieszkanie-szczecin-centrum.jpg
,,,,,,Pośrednik,,,,
,,,,,,Pośrednik,,,,
Szczecin,al. Wyzwolenia,1,35,605000,17536,Oferta biura nieruchomości,ponad tydzień temu,12,https://adresowo.pl/o/mieszkanie-szczecin-al-wyzwolenia-1-pokoj-c9j6h1,https://s2.adresowa.pl/oi/45/7c/3a3174_66a0_cover-1-pokojowe-mieszkanie-szczecin-al-wyzwolenia.jpg
Szczecin,,2,38,215000,5658,Oferta biura nieruchomości,ponad tydzień temu,3,https://adresowo.pl/o/mieszkanie-szczecin-2-pokojowe-38-m2-r3o2a8,https://s2.adresowa.pl/oi/5e/6d/3a3076_ea7a_cover-2-pokojowe-mieszkanie-szczecin.jpg
Szczecin,ul. ks. Piotra Ściegiennego,2,54,499000,9190,Bez pośredników,ponad tydzień temu,8,https://adresowo.pl/o/mieszkanie-szczecin-ul-ks-piotra-sciegiennego-2-pokojowe-y9c0u9,https://s2.adresowa.pl/oi/1f/33/3a5cde_4d44_cover-2-pokojowe-mieszkanie-szczecin-ul-ks-piotra-sciegiennego.jpg
Szczecin Zdroje,ul. Młodzieży Polskiej,2,30,290000,9667,Bez pośredników,ponad tydzień temu,8,https://adresowo.pl/o/mieszkanie-szczecin-zdroje-ul-mlodziezy-polskiej-2-pokojowe-b0k6f6,https://s2.adresowa.pl/oi/2e/7b/3a5c02_bd4b_cover-2-pokojowe-mieszkanie-szczecin-zdroje-ul-mlodziezy-polskiej.jpg
Szczecin Gumieńce,,2,47,620000,13191,Bez pośredników,ponad tydzień temu,8,https://adresowo.pl/o/mieszkanie-szczecin-gumience-2-pokojowe-47-m2-v2m5u7,https://s2.adresowa.pl/oi/3e/6e/3a5ab6_d830_cover-2-pokojowe-mieszkanie-szczecin-gumience.jpg
Szczecin Zdroje,ul. Królowej Korony Polskiej,3,64,590000,9232,Oferta biura nieruchomości,ponad tydzień temu,13,https://adresowo.pl/o/mieszkanie-szczecin-zdroje-ul-krolowej-korony-polskiej-3-pokojowe-d6p0x5,https://s2.adresowa.pl/oi/72/66/3a2b70_a20c_cover-3-pokojowe-mieszkanie-szczecin-zdroje-ul-krolowej-korony-polskiej.jpg
Szczecin Gumieńce,ul. Gorzowska,2,42,619000,14634,Oferta biura nieruchomości,ponad tydzień temu,15,https://adresowo.pl/o/mieszkanie-szczecin-gumience-ul-gorzowska-2-pokojowe-u7g6g1,https://s2.adresowa.pl/oi/16/1c/3a1ba0_d3d5_cover-2-pokojowe-mieszkanie-szczecin-gumience-ul-gorzowska.jpg
Szczecin Bukowe,ul. Seledynowa,3,63,679000,10761,Bez pośredników,ponad miesiąc temu,10,https://adresowo.pl/o/mieszkanie-szczecin-bukowe-ul-seledynowa-3-pokojowe-p8x0r6,https://s2.adresowa.pl/oi/1b/7a/3965e6_f137_cover-3-pokojowe-mieszkanie-szczecin-bukowe-ul-seledynowa.jpg
Szczecin Pomorzany,ul. Boryny,3,53,525200,9915,Bez pośredników,dzisiajnowe,9,https://adresowo.pl/o/mieszkanie-szczecin-pomorzany-ul-boryny-3-pokojowe-r2q4c7,https://s2.adresowa.pl/oi/10/57/3a3eca_72c8_cover-3-pokojowe-mieszkanie-szczecin-pomorzany-ul-boryny.jpg
Szczecin Pomorzany,ul. 9 Maja,1,29,339000,11511,Bez pośredników,dzisiajnowe,6,https://adresowo.pl/o/mieszkanie-szczecin-pomorzany-ul-9-maja-1-pokoj-z0v3h2,https://s2.adresowa.pl/oi/56/29/3a82dc_62d6_cover-1-pokojowe-mieszkanie-szczecin-pomorzany-ul-9-maja.jpg
,,,,,,Pośrednik,,,https://adresowo.pl/mieszkania/szczecin/centrum-U/,
Szczecin Centrum,ul. Ofiar Oświęcimia,2,37,390000,10541,Bez pośredników,wczoraj,18,https://adresowo.pl/o/mieszkanie-szczecin-centrum-ul-ofiar-oswiecimia-2-pokojowe-u0r1y9,https://s2.adresowa.pl/oi/56/54/3a81a6_cfc8_cover-2-pokojowe-mieszkanie-szczecin-centrum-ul-ofiar-oswiecimia.jpg
,,,,,,Pośrednik,,,,
,,,,,,Pośrednik,,,,
Szczecin,ul. Jerzego Andrzejewskiego,2,57,469000,8174,Oferta biura nieruchomości,3 dni temu,9,https://adresowo.pl/o/mieszkanie-szczecin-ul-jerzego-andrzejewskiego-2-pokojowe-z2i2c1,https://s2.adresowa.pl/oi/62/2b/3a7fa8_3f6e_cover-2-pokojowe-mieszkanie-szczecin-ul-jerzego-andrzejewskiego.jpg
Szczecin,ul. Bartnicza,4,70,720000,10317,Oferta biura nieruchomości,3 dni temu,50,https://adresowo.pl/o/mieszkanie-szczecin-ul-bartnicza-4-pokojowe-f9g1o0,https://s2.adresowa.pl/oi/5e/3e/3a7b4a_dba5_cover-4-pokojowe-mieszkanie-szczecin-ul-bartnicza.jpg
Szczecin Śródmieście,ul. Celna,1,32,598000,18688,Bez pośredników,3 dni temu,10,https://adresowo.pl/o/mieszkanie-szczecin-srodmiescie-ul-celna-1-pokoj-l6k8v4,https://s2.adresowa.pl/oi/7f/2d/3a7d6a_5497_cover-1-pokojowe-mieszkanie-szczecin-srodmiescie-ul-celna.jpg
Szczecin Śródmieście,ul. Bolesława Krzywoustego,2,45,420000,9381,Bez pośredników,3 dni temu,10,https://adresowo.pl/o/mieszkanie-szczecin-srodmiescie-ul-boleslawa-krzywoustego-2-pokojowe-i4w9k4,https://s2.adresowa.pl/oi/44/1e/3a7d54_d5cc_cover-2-pokojowe-mieszkanie-szczecin-srodmiescie-ul-boleslawa-krzywoustego.jpg
,,,,,,Pośrednik,,,,
,,,,,,Pośrednik,,,,
Szczecin Warszewo,ul. Limby,2,54,619000,11454,Bez pośredników,3 dni temu,16,https://adresowo.pl/o/mieszkanie-szczecin-warszewo-ul-limby-2-pokojowe-s1m5s9,https://s2.adresowa.pl/oi/6e/50/3a7bce_fb7f_cover-2-pokojowe-mieszkanie-szczecin-warszewo-ul-limby.jpg
Szczecin Stare Miasto,ul. Janusza Kusocińskiego,2,38,449900,11824,Oferta biura nieruchomości,4 dni temu,5,https://adresowo.pl/o/mieszkanie-szczecin-stare-miasto-ul-janusza-kusocinskiego-2-pokojowe-y6l6x8,https://s2.adresowa.pl/oi/18/5f/3a7774_ddf1_cover-2-pokojowe-mieszkanie-szczecin-stare-miasto-ul-janusza-kusocinskiego.jpg
Szczecin Centrum,al. Wojska Polskiego,4,78,627000,7999,Oferta biura nieruchomości,4 dni temu,11,https://adresowo.pl/o/mieszkanie-szczecin-centrum-al-wojska-polskiego-4-pokojowe-a5s7k2,https://s2.adresowa.pl/oi/46/67/3a761a_e49a_cover-4-pokojowe-mieszkanie-szczecin-centrum-al-wojska-polskiego.jpg
Szczecin Pomorzany,ul. Włościańska,2,33,370000,11124,Bez pośredników,3 dni temu,9,https://adresowo.pl/o/mieszkanie-szczecin-pomorzany-ul-wloscianska-2-pokojowe-s7a7d8,https://s2.adresowa.pl/oi/56/68/3a7ab8_5aeb_cover-2-pokojowe-mieszkanie-szczecin-pomorzany-ul-wloscianska.jpg
,,,,,,Pośrednik,,,,
,,,,,,Pośrednik,,,,
Szczecin Centrum,ul. Radogoska,2,36,319000,8861,Bez pośredników,4 dni temu,4,https://adresowo.pl/o/mieszkanie-szczecin-centrum-ul-radogoska-2-pokojowe-o0q7e4,https://s2.adresowa.pl/oi/69/75/3a759a_6505_cover-2-pokojowe-mieszkanie-szczecin-centrum-ul-radogoska.jpg
Szczecin Centrum,ul. marsz. Józefa Piłsudskiego,3,75,770000,10248,Bez pośredników,4 dni temu,12,https://adresowo.pl/o/mieszkanie-szczecin-centrum-ul-marsz-jozefa-pilsudskiego-3-pokojowe-w6r4k1,https://s2.adresowa.pl/oi/30/2f/3a740a_ebc0_cover-3-pokojowe-mieszkanie-szczecin-centrum-ul-marsz-jozefa-pilsudskiego.jpg
Szczecin Pomorzany,,2,38,475000,12610,Oferta biura nieruchomości,4 dni temu,12,https://adresowo.pl/o/mieszkanie-szczecin-pomorzany-2-pokojowe-37-m2-c4x5p7,https://s2.adresowa.pl/oi/79/7f/3a7370_3a10_cover-2-pokojowe-mieszkanie-szczecin-pomorzany.jpg
Szczecin Stare Miasto,ul. Grodzka,3,59,660000,11270,Oferta biura nieruchomości,ponad tydzień temu,25,https://adresowo.pl/o/mieszkanie-szczecin-stare-miasto-ul-grodzka-3-pokojowe-t0m9t6,https://s2.adresowa.pl/oi/4e/54/3a5fa0_9572_cover-3-pokojowe-mieszkanie-szczecin-stare-miasto-ul-grodzka.jpg
Szczecin Pogodno,ul. Waleriana Łukasińskiego,3,62,615000,9960,Bez pośredników,5 dni temu,8,https://adresowo.pl/o/mieszkanie-szczecin-pogodno-ul-waleriana-lukasinskiego-3-pokojowe-g1d1m8,https://s2.adresowa.pl/oi/4c/56/3a7124_c455_cover-3-pokojowe-mieszkanie-szczecin-pogodno-ul-waleriana-lukasinskiego.jpg
,,,,,,Pośrednik,,,,
,,,,,,Pośrednik,,,,
Szczecin Osów,ul. Czesława Niemena,4,87,890000,10195,Bez pośredników,6 dni temu,16,https://adresowo.pl/o/mieszkanie-szczecin-osow-ul-czeslawa-niemena-4-pokojowe-g1x3s1,https://s2.adresowa.pl/oi/53/53/3a67d0_5498_cover-4-pokojowe-mieszkanie-szczecin-osow-ul-czeslawa-niemena.jpg
Szczecin Słoneczne,,3,64,660000,10313,Bez pośredników,6 dni temu,7,https://adresowo.pl/o/mieszkanie-szczecin-sloneczne-3-pokojowe-64-m2-a6l7q9,https://s2.adresowa.pl/oi/32/40/3a6670_85e2_cover-3-pokojowe-mieszkanie-szczecin-sloneczne.jpg
Szczecin,ul. Stanisława Więckowskiego,5,104,1200000,11538,Oferta biura nieruchomości,ponad tydzień temu,17,https://adresowo.pl/o/mieszkanie-szczecin-ul-stanislawa-wieckowskiego-5-pokojowe-x3t7r4,https://s2.adresowa.pl/oi/3a/74/3a4bd6_ab7e_cover-5-pokojowe-mieszkanie-szczecin-ul-stanislawa-wieckowskiego.jpg
Szczecin,ul. Waleriana Łukasińskiego,2,47,479000,10191,Oferta biura nieruchomości,ponad tydzień temu,9,https://adresowo.pl/o/mieszkanie-szczecin-ul-waleriana-lukasinskiego-2-pokojowe-u7l1t1,https://s2.adresowa.pl/oi/64/48/3a3c42_b0e9_cover-2-pokojowe-mieszkanie-szczecin-ul-waleriana-lukasinskiego.jpg
Szczecin Stołczyn,ul. Policka,4,105,850000,8095,Bez pośredników,6 dni temu,18,https://adresowo.pl/o/mieszkanie-szczecin-stolczyn-ul-policka-4-pokojowe-o8c1z3,https://s2.adresowa.pl/oi/2f/61/3a6468_39cc_cover-4-pokojowe-mieszkanie-szczecin-stolczyn-ul-policka.jpg
,,,,,,Pośrednik,,,,
,,,,,,Pośrednik,,,,
Szczecin Cieszyce,ul. Leona Heyki,4,82,1770955,21500,Bez pośredników,6 dni temu,13,https://adresowo.pl/o/mieszkanie-szczecin-cieszyce-ul-leona-heyki-4-pokojowe-z4d3e2,https://s2.adresowa.pl/oi/5b/5f/3a63e8_54ff_cover-4-pokojowe-mieszkanie-szczecin-cieszyce-ul-leona-heyki.jpg
Szczecin Niebuszewo,,2,50,506000,10222,Bez pośredników,6 dni temu,6,https://adresowo.pl/o/mieszkanie-szczecin-niebuszewo-2-pokojowe-49-m2-s0z1m4,https://s2.adresowa.pl/oi/56/57/3a6360_c08e_cover-2-pokojowe-mieszkanie-szczecin-niebuszewo.jpg
Szczecin Gumieńce,,2,51,580000,11359,Oferta biura nieruchomości,ponad tydzień temu,15,https://adresowo.pl/o/mieszkanie-szczecin-gumience-2-pokojowe-51-m2-l0u1b1,https://s2.adresowa.pl/oi/34/52/3a399e_99ef_cover-2-pokojowe-mieszkanie-szczecin-gumience.jpg
Szczecin Niebuszewo,ul. Przyjaciół Żołnierza,3,64,659000,10313,Oferta biura nieruchomości,ponad tydzień temu,13,https://adresowo.pl/o/mieszkanie-szczecin-niebuszewo-ul-przyjaciol-zolnierza-3-pokojowe-g0b2n1,https://s2.adresowa.pl/oi/11/24/3a3598_27f3_cover-3-pokojowe-mieszkanie-szczecin-niebuszewo-ul-przyjaciol-zolnierza.jpg
Szczecin Śródmieście,ul. Księcia Bogusława X,2,42,510100,12102,Bez pośredników,6 dni temu,17,https://adresowo.pl/o/mieszkanie-szczecin-srodmiescie-ul-ksiecia-boguslawa-x-2-pokojowe-b5s8o8,https://s2.adresowa.pl/oi/21/38/3a6260_32f8_cover-2-pokojowe-mieszkanie-szczecin-srodmiescie-ul-ksiecia-boguslawa-x.jpg
Szczecin Centrum,al. Piastów,2,60,730000,12167,Bez pośredników,6 dni temu,6,https://adresowo.pl/o/mieszkanie-szczecin-centrum-al-piastow-2-pokojowe-f2j2f2,https://s2.adresowa.pl/oi/40/40/3a31a6_9224_cover-2-pokojowe-mieszkanie-szczecin-centrum-al-piastow.jpg
,,,,,,Pośrednik,,,,
,,,,,,Pośrednik,,,,
Szczecin Centrum,ul. Stanisława Herakliusza Lubomirskiego,3,63,550000,8681,Bez pośredników,ponad tydzień temu,12,https://adresowo.pl/o/mieszkanie-szczecin-centrum-ul-stanislawa-herakliusza-lubomirskiego-3-pokojowe-r3b6n6,https://s2.adresowa.pl/oi/16/7b/3a6046_92af_cover-3-pokojowe-mieszkanie-szczecin-centrum-ul-stanislawa-herakliusza-lubomirskiego.jpg
Szczecin,ul. 1 Maja,2,48,399000,8313,Oferta biura nieruchomości,ponad tydzień temu,7,https://adresowo.pl/o/mieszkanie-szczecin-ul-1-maja-2-pokojowe-y2m1u7,https://s2.adresowa.pl/oi/3e/4f/3a3596_2f43_cover-2-pokojowe-mieszkanie-szczecin-ul-1-maja.jpg
Szczecin Stare Miasto,al. Wojska Polskiego,3,76,719000,9514,Oferta biura nieruchomości,ponad tydzień temu,13,https://adresowo.pl/o/mieszkanie-szczecin-stare-miasto-al-wojska-polskiego-3-pokojowe-u1d5e8,https://s2.adresowa.pl/oi/41/4a/3a3520_5f15_cover-3-pokojowe-mieszkanie-szczecin-stare-miasto-al-wojska-polskiego.jpg
Szczecin Gumieńce,ul. Kazimierska,2,37,495000,13378,Bez pośredników,ponad tydzień temu,17,https://adresowo.pl/o/mieszkanie-szczecin-gumience-ul-kazimierska-2-pokojowe-p2i9o8,https://s2.adresowa.pl/oi/45/5f/3a5e64_6e72_cover-2-pokojowe-mieszkanie-szczecin-gumience-ul-kazimierska.jpg
Szczecin Gumieńce,ul. Kazimierska,2,42,585000,13929,Bez pośredników,ponad tydzień temu,8,https://adresowo.pl/o/mieszkanie-szczecin-gumience-ul-kazimierska-2-pokojowe-r4g6u2,https://s2.adresowa.pl/oi/6c/70/3a5d24_7c6d_cover-2-pokojowe-mieszkanie-szczecin-gumience-ul-kazimierska.jpg
Szczecin Centrum,,2,47,375000,7979,Bez pośredników,ponad tydzień temu,5,https://adresowo.pl/o/mieszkanie-szczecin-centrum-2-pokojowe-47-m2-f8q3c3,https://s2.adresowa.pl/oi/1b/42/3a5d1e_d027_cover-2-pokojowe-mieszkanie-szczecin-centrum.jpg
,,,,,,Pośrednik,,,,
,,,,,,Pośrednik,,,,
Szczecin,al. Wyzwolenia,1,35,605000,17536,Oferta biura nieruchomości,ponad tydzień temu,12,https://adresowo.pl/o/mieszkanie-szczecin-al-wyzwolenia-1-pokoj-c9j6h1,https://s2.adresowa.pl/oi/45/7c/3a3174_66a0_cover-1-pokojowe-mieszkanie-szczecin-al-wyzwolenia.jpg
Szczecin,,2,38,215000,5658,Oferta biura nieruchomości,ponad tydzień temu,3,https://adresowo.pl/o/mieszkanie-szczecin-2-pokojowe-38-m2-r3o2a8,https://s2.adresowa.pl/oi/5e/6d/3a3076_ea7a_cover-2-pokojowe-mieszkanie-szczecin.jpg
Szczecin,ul. ks. Piotra Ściegiennego,2,54,499000,9190,Bez pośredników,ponad tydzień temu,8,https://adresowo.pl/o/mieszkanie-szczecin-ul-ks-piotra-sciegiennego-2-pokojowe-y9c0u9,https://s2.adresowa.pl/oi/1f/33/3a5cde_4d44_cover-2-pokojowe-mieszkanie-szczecin-ul-ks-piotra-sciegiennego.jpg
Szczecin Zdroje,ul. Młodzieży Polskiej,2,30,290000,9667,Bez pośredników,ponad tydzień temu,8,https://adresowo.pl/o/mieszkanie-szczecin-zdroje-ul-mlodziezy-polskiej-2-pokojowe-b0k6f6,https://s2.adresowa.pl/oi/2e/7b/3a5c02_bd4b_cover-2-pokojowe-mieszkanie-szczecin-zdroje-ul-mlodziezy-polskiej.jpg
Szczecin Gumieńce,,2,47,620000,13191,Bez pośredników,ponad tydzień temu,8,https://adresowo.pl/o/mieszkanie-szczecin-gumience-2-pokojowe-47-m2-v2m5u7,https://s2.adresowa.pl/oi/3e/6e/3a5ab6_d830_cover-2-pokojowe-mieszkanie-szczecin-gumience.jpg
Szczecin Zdroje,ul. Królowej Korony Polskiej,3,64,590000,9232,Oferta biura nieruchomości,ponad tydzień temu,13,https://adresowo.pl/o/mieszkanie-szczecin-zdroje-ul-krolowej-korony-polskiej-3-pokojowe-d6p0x5,https://s2.adresowa.pl/oi/72/66/3a2b70_a20c_cover-3-pokojowe-mieszkanie-szczecin-zdroje-ul-krolowej-korony-polskiej.jpg
Szczecin Gumieńce,ul. Gorzowska,2,42,619000,14634,Oferta biura nieruchomości,ponad tydzień temu,15,https://adresowo.pl/o/mieszkanie-szczecin-gumience-ul-gorzowska-2-pokojowe-u7g6g1,https://s2.adresowa.pl/oi/16/1c/3a1ba0_d3d5_cover-2-pokojowe-mieszkanie-szczecin-gumience-ul-gorzowska.jpg
Szczecin Żelechowa,ul. Szczygli Zaułek,3,67,800000,11940,Bez pośredników,ponad tydzień temu,15,https://adresowo.pl/o/mieszkanie-szczecin-zelechowa-ul-szczygli-zaulek-3-pokojowe-s7z6k4,https://s2.adresowa.pl/oi/77/20/3a33c2_7e56_cover-3-pokojowe-mieszkanie-szczecin-zelechowa-ul-szczygli-zaulek.jpg
Szczecin Pomorzany,ul. Boryny,3,53,525200,9915,Bez pośredników,dzisiajnowe,9,https://adresowo.pl/o/mieszkanie-szczecin-pomorzany-ul-boryny-3-pokojowe-r2q4c7,https://s2.adresowa.pl/oi/10/57/3a3eca_72c8_cover-3-pokojowe-mieszkanie-szczecin-pomorzany-ul-boryny.jpg
Szczecin Pomorzany,ul. 9 Maja,1,29,339000,11511,Bez pośredników,dzisiajnowe,6,https://adresowo.pl/o/mieszkanie-szczecin-pomorzany-ul-9-maja-1-pokoj-z0v3h2,https://s2.adresowa.pl/oi/56/29/3a82dc_62d6_cover-1-pokojowe-mieszkanie-szczecin-pomorzany-ul-9-maja.jpg
,,,,,,Pośrednik,,,https://adresowo.pl/mieszkania/szczecin/centrum-U/,
Szczecin Centrum,ul. Ofiar Oświęcimia,2,37,390000,10541,Bez pośredników,wczoraj,18,https://adresowo.pl/o/mieszkanie-szczecin-centrum-ul-ofiar-oswiecimia-2-pokojowe-u0r1y9,https://s2.adresowa.pl/oi/56/54/3a81a6_cfc8_cover-2-pokojowe-mieszkanie-szczecin-centrum-ul-ofiar-oswiecimia.jpg
,,,,,,Pośrednik,,,,
,,,,,,Pośrednik,,,,
Szczecin,ul. Jerzego Andrzejewskiego,2,57,469000,8174,Oferta biura nieruchomości,3 dni temu,9,https://adresowo.pl/o/mieszkanie-szczecin-ul-jerzego-andrzejewskiego-2-pokojowe-z2i2c1,https://s2.adresowa.pl/oi/62/2b/3a7fa8_3f6e_cover-2-pokojowe-mieszkanie-szczecin-ul-jerzego-andrzejewskiego.jpg
Szczecin,ul. Bartnicza,4,70,720000,10317,Oferta biura nieruchomości,3 dni temu,50,https://adresowo.pl/o/mieszkanie-szczecin-ul-bartnicza-4-pokojowe-f9g1o0,https://s2.adresowa.pl/oi/5e/3e/3a7b4a_dba5_cover-4-pokojowe-mieszkanie-szczecin-ul-bartnicza.jpg
Szczecin Śródmieście,ul. Celna,1,32,598000,18688,Bez pośredników,3 dni temu,10,https://adresowo.pl/o/mieszkanie-szczecin-srodmiescie-ul-celna-1-pokoj-l6k8v4,https://s2.adresowa.pl/oi/7f/2d/3a7d6a_5497_cover-1-pokojowe-mieszkanie-szczecin-srodmiescie-ul-celna.jpg
Szczecin Śródmieście,ul. Bolesława Krzywoustego,2,45,420000,9381,Bez pośredników,3 dni temu,10,https://adresowo.pl/o/mieszkanie-szczecin-srodmiescie-ul-boleslawa-krzywoustego-2-pokojowe-i4w9k4,https://s2.adresowa.pl/oi/44/1e/3a7d54_d5cc_cover-2-pokojowe-mieszkanie-szczecin-srodmiescie-ul-boleslawa-krzywoustego.jpg
,,,,,,Pośrednik,,,,
,,,,,,Pośrednik,,,,
Szczecin Warszewo,ul. Limby,2,54,619000,11454,Bez pośredników,3 dni temu,16,https://adresowo.pl/o/mieszkanie-szczecin-warszewo-ul-limby-2-pokojowe-s1m5s9,https://s2.adresowa.pl/oi/6e/50/3a7bce_fb7f_cover-2-pokojowe-mieszkanie-szczecin-warszewo-ul-limby.jpg
Szczecin Stare Miasto,ul. Janusza Kusocińskiego,2,38,449900,11824,Oferta biura nieruchomości,4 dni temu,5,https://adresowo.pl/o/mieszkanie-szczecin-stare-miasto-ul-janusza-kusocinskiego-2-pokojowe-y6l6x8,https://s2.adresowa.pl/oi/18/5f/3a7774_ddf1_cover-2-pokojowe-mieszkanie-szczecin-stare-miasto-ul-janusza-kusocinskiego.jpg
Szczecin Centrum,al. Wojska Polskiego,4,78,627000,7999,Oferta biura nieruchomości,4 dni temu,11,https://adresowo.pl/o/mieszkanie-szczecin-centrum-al-wojska-polskiego-4-pokojowe-a5s7k2,https://s2.adresowa.pl/oi/46/67/3a761a_e49a_cover-4-pokojowe-mieszkanie-szczecin-centrum-al-wojska-polskiego.jpg
Szczecin Pomorzany,ul. Włościańska,2,33,370000,11124,Bez pośredników,3 dni temu,9,https://adresowo.pl/o/mieszkanie-szczecin-pomorzany-ul-wloscianska-2-pokojowe-s7a7d8,https://s2.adresowa.pl/oi/56/68/3a7ab8_5aeb_cover-2-pokojowe-mieszkanie-szczecin-pomorzany-ul-wloscianska.jpg
,,,,,,Pośrednik,,,,
,,,,,,Pośrednik,,,,
Szczecin Centrum,ul. Radogoska,2,36,319000,8861,Bez pośredników,4 dni temu,4,https://adresowo.pl/o/mieszkanie-szczecin-centrum-ul-radogoska-2-pokojowe-o0q7e4,https://s2.adresowa.pl/oi/69/75/3a759a_6505_cover-2-pokojowe-mieszkanie-szczecin-centrum-ul-radogoska.jpg
Szczecin Centrum,ul. marsz. Józefa Piłsudskiego,3,75,770000,10248,Bez pośredników,4 dni temu,12,https://adresowo.pl/o/mieszkanie-szczecin-centrum-ul-marsz-jozefa-pilsudskiego-3-pokojowe-w6r4k1,https://s2.adresowa.pl/oi/30/2f/3a740a_ebc0_cover-3-pokojowe-mieszkanie-szczecin-centrum-ul-marsz-jozefa-pilsudskiego.jpg
Szczecin Pomorzany,,2,38,475000,12610,Oferta biura nieruchomości,4 dni temu,12,https://adresowo.pl/o/mieszkanie-szczecin-pomorzany-2-pokojowe-37-m2-c4x5p7,https://s2.adresowa.pl/oi/79/7f/3a7370_3a10_cover-2-pokojowe-mieszkanie-szczecin-pomorzany.jpg
Szczecin Stare Miasto,ul. Grodzka,3,59,660000,11270,Oferta biura nieruchomości,ponad tydzień temu,25,https://adresowo.pl/o/mieszkanie-szczecin-stare-miasto-ul-grodzka-3-pokojowe-t0m9t6,https://s2.adresowa.pl/oi/4e/54/3a5fa0_9572_cover-3-pokojowe-mieszkanie-szczecin-stare-miasto-ul-grodzka.jpg
Szczecin Pogodno,ul. Waleriana Łukasińskiego,3,62,615000,9960,Bez pośredników,5 dni temu,8,https://adresowo.pl/o/mieszkanie-szczecin-pogodno-ul-waleriana-lukasinskiego-3-pokojowe-g1d1m8,https://s2.adresowa.pl/oi/4c/56/3a7124_c455_cover-3-pokojowe-mieszkanie-szczecin-pogodno-ul-waleriana-lukasinskiego.jpg
,,,,,,Pośrednik,,,,
,,,,,,Pośrednik,,,,
Szczecin Osów,ul. Czesława Niemena,4,87,890000,10195,Bez pośredników,6 dni temu,16,https://adresowo.pl/o/mieszkanie-szczecin-osow-ul-czeslawa-niemena-4-pokojowe-g1x3s1,https://s2.adresowa.pl/oi/53/53/3a67d0_5498_cover-4-pokojowe-mieszkanie-szczecin-osow-ul-czeslawa-niemena.jpg
Szczecin Słoneczne,,3,64,660000,10313,Bez pośredników,6 dni temu,7,https://adresowo.pl/o/mieszkanie-szczecin-sloneczne-3-pokojowe-64-m2-a6l7q9,https://s2.adresowa.pl/oi/32/40/3a6670_85e2_cover-3-pokojowe-mieszkanie-szczecin-sloneczne.jpg
Szczecin,ul. Stanisława Więckowskiego,5,104,1200000,11538,Oferta biura nieruchomości,ponad tydzień temu,17,https://adresowo.pl/o/mieszkanie-szczecin-ul-stanislawa-wieckowskiego-5-pokojowe-x3t7r4,https://s2.adresowa.pl/oi/3a/74/3a4bd6_ab7e_cover-5-pokojowe-mieszkanie-szczecin-ul-stanislawa-wieckowskiego.jpg
Szczecin,ul. Waleriana Łukasińskiego,2,47,479000,10191,Oferta biura nieruchomości,ponad tydzień temu,9,https://adresowo.pl/o/mieszkanie-szczecin-ul-waleriana-lukasinskiego-2-pokojowe-u7l1t1,https://s2.adresowa.pl/oi/64/48/3a3c42_b0e9_cover-2-pokojowe-mieszkanie-szczecin-ul-waleriana-lukasinskiego.jpg
Szczecin Stołczyn,ul. Policka,4,105,850000,8095,Bez pośredników,6 dni temu,18,https://adresowo.pl/o/mieszkanie-szczecin-stolczyn-ul-policka-4-pokojowe-o8c1z3,https://s2.adresowa.pl/oi/2f/61/3a6468_39cc_cover-4-pokojowe-mieszkanie-szczecin-stolczyn-ul-policka.jpg
,,,,,,Pośrednik,,,,
,,,,,,Pośrednik,,,,
Szczecin Cieszyce,ul. Leona Heyki,4,82,1770955,21500,Bez pośredników,6 dni temu,13,https://adresowo.pl/o/mieszkanie-szczecin-cieszyce-ul-leona-heyki-4-pokojowe-z4d3e2,https://s2.adresowa.pl/oi/5b/5f/3a63e8_54ff_cover-4-pokojowe-mieszkanie-szczecin-cieszyce-ul-leona-heyki.jpg
Szczecin Niebuszewo,,2,50,506000,10222,Bez pośredników,6 dni temu,6,https://adresowo.pl/o/mieszkanie-szczecin-niebuszewo-2-pokojowe-49-m2-s0z1m4,https://s2.adresowa.pl/oi/56/57/3a6360_c08e_cover-2-pokojowe-mieszkanie-szczecin-niebuszewo.jpg
Szczecin Gumieńce,,2,51,580000,11359,Oferta biura nieruchomości,ponad tydzień temu,15,https://adresowo.pl/o/mieszkanie-szczecin-gumience-2-pokojowe-51-m2-l0u1b1,https://s2.adresowa.pl/oi/34/52/3a399e_99ef_cover-2-pokojowe-mieszkanie-szczecin-gumience.jpg
Szczecin Niebuszewo,ul. Przyjaciół Żołnierza,3,64,659000,10313,Oferta biura nieruchomości,ponad tydzień temu,13,https://adresowo.pl/o/mieszkanie-szczecin-niebuszewo-ul-przyjaciol-zolnierza-3-pokojowe-g0b2n1,https://s2.adresowa.pl/oi/11/24/3a3598_27f3_cover-3-pokojowe-mieszkanie-szczecin-niebuszewo-ul-przyjaciol-zolnierza.jpg
Szczecin Śródmieście,ul. Księcia Bogusława X,2,42,510100,12102,Bez pośredników,6 dni temu,17,https://adresowo.pl/o/mieszkanie-szczecin-srodmiescie-ul-ksiecia-boguslawa-x-2-pokojowe-b5s8o8,https://s2.adresowa.pl/oi/21/38/3a6260_32f8_cover-2-pokojowe-mieszkanie-szczecin-srodmiescie-ul-ksiecia-boguslawa-x.jpg
Szczecin Centrum,al. Piastów,2,60,730000,12167,Bez pośredników,6 dni temu,6,https://adresowo.pl/o/mieszkanie-szczecin-centrum-al-piastow-2-pokojowe-f2j2f2,https://s2.adresowa.pl/oi/40/40/3a31a6_9224_cover-2-pokojowe-mieszkanie-szczecin-centrum-al-piastow.jpg
,,,,,,Pośrednik,,,,
,,,,,,Pośrednik,,,,
Szczecin Centrum,ul. Stanisława Herakliusza Lubomirskiego,3,63,550000,8681,Bez pośredników,ponad tydzień temu,12,https://adresowo.pl/o/mieszkanie-szczecin-centrum-ul-stanislawa-herakliusza-lubomirskiego-3-pokojowe-r3b6n6,https://s2.adresowa.pl/oi/16/7b/3a6046_92af_cover-3-pokojowe-mieszkanie-szczecin-centrum-ul-stanislawa-herakliusza-lubomirskiego.jpg
Szczecin,ul. 1 Maja,2,48,399000,8313,Oferta biura nieruchomości,ponad tydzień temu,7,https://adresowo.pl/o/mieszkanie-szczecin-ul-1-maja-2-pokojowe-y2m1u7,https://s2.adresowa.pl/oi/3e/4f/3a3596_2f43_cover-2-pokojowe-mieszkanie-szczecin-ul-1-maja.jpg
Szczecin Stare Miasto,al. Wojska Polskiego,3,76,719000,9514,Oferta biura nieruchomości,ponad tydzień temu,13,https://adresowo.pl/o/mieszkanie-szczecin-stare-miasto-al-wojska-polskiego-3-pokojowe-u1d5e8,https://s2.adresowa.pl/oi/41/4a/3a3520_5f15_cover-3-pokojowe-mieszkanie-szczecin-stare-miasto-al-wojska-polskiego.jpg
Szczecin Gumieńce,ul. Kazimierska,2,37,495000,13378,Bez pośredników,ponad tydzień temu,17,https://adresowo.pl/o/mieszkanie-szczecin-gumience-ul-kazimierska-2-pokojowe-p2i9o8,https://s2.adresowa.pl/oi/45/5f/3a5e64_6e72_cover-2-pokojowe-mieszkanie-szczecin-gumience-ul-kazimierska.jpg
Szczecin Gumieńce,ul. Kazimierska,2,42,585000,13929,Bez pośredników,ponad tydzień temu,8,https://adresowo.pl/o/mieszkanie-szczecin-gumience-ul-kazimierska-2-pokojowe-r4g6u2,https://s2.adresowa.pl/oi/6c/70/3a5d24_7c6d_cover-2-pokojowe-mieszkanie-szczecin-gumience-ul-kazimierska.jpg
Szczecin Centrum,,2,47,375000,7979,Bez pośredników,ponad tydzień temu,5,https://adresowo.pl/o/mieszkanie-szczecin-centrum-2-pokojowe-47-m2-f8q3c3,https://s2.adresowa.pl/oi/1b/42/3a5d1e_d027_cover-2-pokojowe-mieszkanie-szczecin-centrum.jpg
,,,,,,Pośrednik,,,,
,,,,,,Pośrednik,,,,
Szczecin,al. Wyzwolenia,1,35,605000,17536,Oferta biura nieruchomości,ponad tydzień temu,12,https://adresowo.pl/o/mieszkanie-szczecin-al-wyzwolenia-1-pokoj-c9j6h1,https://s2.adresowa.pl/oi/45/7c/3a3174_66a0_cover-1-pokojowe-mieszkanie-szczecin-al-wyzwolenia.jpg
Szczecin,,2,38,215000,5658,Oferta biura nieruchomości,ponad tydzień temu,3,https://adresowo.pl/o/mieszkanie-szczecin-2-pokojowe-38-m2-r3o2a8,https://s2.adresowa.pl/oi/5e/6d/3a3076_ea7a_cover-2-pokojowe-mieszkanie-szczecin.jpg
Szczecin,ul. ks. Piotra Ściegiennego,2,54,499000,9190,Bez pośredników,ponad tydzień temu,8,https://adresowo.pl/o/mieszkanie-szczecin-ul-ks-piotra-sciegiennego-2-pokojowe-y9c0u9,https://s2.adresowa.pl/oi/1f/33/3a5cde_4d44_cover-2-pokojowe-mieszkanie-szczecin-ul-ks-piotra-sciegiennego.jpg
Szczecin Zdroje,ul. Młodzieży Polskiej,2,30,290000,9667,Bez pośredników,ponad tydzień temu,8,https://adresowo.pl/o/mieszkanie-szczecin-zdroje-ul-mlodziezy-polskiej-2-pokojowe-b0k6f6,https://s2.adresowa.pl/oi/2e/7b/3a5c02_bd4b_cover-2-pokojowe-mieszkanie-szczecin-zdroje-ul-mlodziezy-polskiej.jpg
Szczecin Gumieńce,,2,47,620000,13191,Bez pośredników,ponad tydzień temu,8,https://adresowo.pl/o/mieszkanie-szczecin-gumience-2-pokojowe-47-m2-v2m5u7,https://s2.adresowa.pl/oi/3e/6e/3a5ab6_d830_cover-2-pokojowe-mieszkanie-szczecin-gumience.jpg
Szczecin Zdroje,ul. Królowej Korony Polskiej,3,64,590000,9232,Oferta biura nieruchomości,ponad tydzień temu,13,https://adresowo.pl/o/mieszkanie-szczecin-zdroje-ul-krolowej-korony-polskiej-3-pokojowe-d6p0x5,https://s2.adresowa.pl/oi/72/66/3a2b70_a20c_cover-3-pokojowe-mieszkanie-szczecin-zdroje-ul-krolowej-korony-polskiej.jpg
Szczecin Gumieńce,ul. Gorzowska,2,42,619000,14634,Oferta biura nieruchomości,ponad tydzień temu,15,https://adresowo.pl/o/mieszkanie-szczecin-gumience-ul-gorzowska-2-pokojowe-u7g6g1,https://s2.adresowa.pl/oi/16/1c/3a1ba0_d3d5_cover-2-pokojowe-mieszkanie-szczecin-gumience-ul-gorzowska.jpg
